0;Ивановская обл., село Шилыково;Тульская обл, г Ясногорск;01.04.2023;15:00;любой
1;Ивановская область, г. Кохма;Тульская обл, г Ясногорск;01.04.2023;15:00;любой
2;Ярославская обл., Рыбинск;Тульская обл, г Ясногорск;01.04.2023;;любой
3;Краснодарский край, Новороссийск;Краснодар;01.04.2023;15:00;любой
4;Чеховский р-н, Константиновское;Тульская обл, г Ясногорск;01.04.2023;15:00;любой
5;Чеховский р-н, Константиновское;Тульская обл, г Ясногорск;01.04.2023;15:00;любой
6;Ярославская обл., г. Ростов;Тульская обл, г Ясногорск;01.04.2023;15:00;любой
7;Ярославская обл., Рыбинск;Чебоксары;01.04.2023;;любой
8;Ивановская обл., г Шуя;Тульская обл, г Ясногорск;01.04.2023;15:00;любой
9;Ярославская обл., Рыбинск;Нижегородская обл, г Богородск;01.04.2023;00:00;любой
10;Ярославская обл., Рыбинск;Тульская обл, г Ясногорск;01.04.2023;00:00;любой
11;Ивановская обл, пос. Лежнево;Тульская обл, г Ясногорск;01.04.2023;15:00;любой
12;г Иваново;Тульская обл, г Ясногорск;01.04.2023;15:00;любой
13;Тульская обл, г Ясногорск;Нижегородская обл, г Дзержинск;01.04.2023;20:00;любой
14;Ярославская обл., Рыбинск;г Ульяновск;01.04.2023;00:00;любой
15;Тульская обл, г Ясногорск;Нижегородская обл, г Дзержинск;02.04.2023;22:00;любой
16;Тульская обл, г Ясногорск;Нижегородская обл, г Дзержинск;02.04.2023;22:00;любой
17;г Тула;Тульская обл, г Ясногорск;01.04.2023;15:00;любой
18;г Иваново;Тульская обл, г Ясногорск;01.04.2023;15:00;любой
19;г Рязань;Тульская обл, г Ясногорск;01.04.2023;15:00;любой
20;Тульская обл, г Новомосковск;Тульская обл, г Ясногорск;01.04.2023;15:00;любой
21;Краснодарский край, Новороссийск;Краснодарский край, Кропоткин г;01.04.2023;14:55;любой
22;Ивановская обл, г Фурманов;Тульская обл, г Ясногорск;01.04.2023;15:00;любой
23;г Иваново;Тульская обл, г Ясногорск;01.04.2023;15:00;любой
24;г Иваново;Тульская обл, г Ясногорск;01.04.2023;15:00;любой
25;г Иваново;Тульская обл, г Ясногорск;01.04.2023;15:00;любой
26;Ивановская обл, г Тейково;Тульская обл, г Ясногорск;01.04.2023;15:00;любой
27;Ивановская обл, Коляновское сельское поселение;Тульская обл, г Ясногорск;01.04.2023;15:00;любой
28;Краснодарский край, Новороссийск;Краснодарский край, Кропоткин г;01.04.2023;17:00;любой
29;Краснодарский край, Новороссийск;Пятигорск;02.04.2023;15:30;любой
30;Ярославская обл., Рыбинск;Владимирская обл, г Ковров;02.04.2023;00:00;любой
31;Ярославская обл., Рыбинск;Республика Татарстан, Зеленодольский район, село Осиново;02.04.2023;00:00;любой
32;Ивановская область, с. Шилыково;Тульская обл, г Ясногорск;02.04.2023;15:00;любой
33;Ивановская область, г. Шуя;Тульская обл, г Ясногорск;02.04.2023;15:00;любой
34;Ярославская обл., Рыбинск;Чебоксары;02.04.2023;00:00;любой
35;Тульская обл;Тульская обл, г Ясногорск;02.04.2023;15:00;любой
36;Ивановская обл, пос. Лежнево;Тульская обл, г Ясногорск;02.04.2023;15:00;любой
37;МО, Серпуховский район;Тульская обл, г Ясногорск;02.04.2023;15:00;любой
38;Московская обл, г Серпухов;Тульская обл, г Ясногорск;02.04.2023;15:00;любой
39;г Иваново;Тульская обл, г Ясногорск;02.04.2023;15:00;любой
40;Ивановская обл, пос. Лежнево;Тульская обл, г Ясногорск;02.04.2023;15:00;любой
41;г Иваново;Тульская обл, г Ясногорск;02.04.2023;;любой
42;г Иваново;Тульская обл, г Ясногорск;02.04.2023;15:00;любой
43;Ивановская обл, Кохма г;Тульская обл, г Ясногорск;02.04.2023;15:00;любой
44;Ивановская обл, пос. Лежнево;Тульская обл, г Ясногорск;02.04.2023;15:00;любой
45;Ивановская обл, Приволжск;Тульская обл, г Ясногорск;02.04.2023;15:00;любой
46;г Иваново;Тульская обл, г Ясногорск;02.04.2023;16:00;любой
47;г Иваново;Тульская обл, г Ясногорск;02.04.2023;16:00;любой
48;Ивановская обл, Фурманов;Тульская обл, г Ясногорск;02.04.2023;15:00;любой
49;Ивановская обл, Приволжск;Тульская обл, г Ясногорск;03.04.2023;12:00;любой
50;г Иваново;Тульская обл, г Ясногорск;02.04.2023;15:00;любой
51;Краснодарский край, Новороссийск;Краснодарский край, Кропоткин г;02.04.2023;15:55;любой
52;Краснодарский край, Новороссийск;Пятигорск;02.04.2023;15:00;любой
53;Краснодарский край, Новороссийск;Краснодар;02.04.2023;12:00;любой
54;Тульская обл, г Новомосковск;Тульская обл, г Ясногорск;03.04.2023;10:00;любой
55;г Рязань;Тульская обл, г Ясногорск;02.04.2023;21:00;любой
56;Ярославская обл., Рыбинск;Краснодарский край, Новороссийск;03.04.2023;00:00;любой
57;Ярославская обл., Рыбинск;Краснодарский край, Новороссийск;03.04.2023;00:00;любой
58;Ярославская обл., Рыбинск;Краснодарский край, Новороссийск;03.04.2023;00:00;любой
59;Ярославская обл., Рыбинск;Краснодарский край, Новороссийск;03.04.2023;00:00;любой
60;Ярославская обл., Рыбинск;Краснодарский край, Новороссийск;04.04.2023;00:00;любой
61;Ярославская обл., Рыбинск;Краснодарский край, Новороссийск;04.04.2023;00:00;любой
62;Ярославская обл., Рыбинск;Краснодарский край, Новороссийск;04.04.2023;00:00;любой
63;Ивановская область, г. Кохма;Тульская обл, г Ясногорск;03.04.2023;15:00;любой
64;Ивановская обл, село Чернореченский;Тульская обл, г Ясногорск;03.04.2023;15:00;любой
65;Ивановская обл., г Шуя;Тульская обл, г Ясногорск;03.04.2023;15:00;любой
66;Московская обл, г Серпухов;Тульская обл, г Ясногорск;03.04.2023;14:00;любой
67;Ивановская обл., село Богородское;Тульская обл, г Ясногорск;03.04.2023;15:00;любой
68;г Иваново;Тульская обл, г Ясногорск;03.04.2023;15:00;любой
69;Тульская обл, г Ясногорск;Нижегородская обл, г Дзержинск;06.04.2023;21:00;любой
70;Тульская обл, г Ясногорск;Нижегородская обл, г Дзержинск;06.04.2023;22:00;любой
71;Чеховский р-н, Константиновское;Тульская обл, г Ясногорск;03.04.2023;15:00;любой
72;Ивановская обл, пос. Лежнево;Тульская обл, г Ясногорск;03.04.2023;15:00;любой
73;Московская обл, г Серпухов;Тульская обл, г Ясногорск;03.04.2023;15:00;любой
74;Тульская обл, г Ясногорск;республика Татарстан, г. Зеленодольск;03.04.2023;23:00;любой
75;Тульская обл, г Ясногорск;республика Татарстан, г. Зеленодольск;05.04.2023;22:00;любой
76;г Иваново;Тульская обл, г Ясногорск;03.04.2023;15:00;любой
77;Калужская обл, г Малоярославец;Тульская обл, г Ясногорск;03.04.2023;14:00;любой
78;Владимирская обл., г. Гусь-Хрустальный;Тульская обл, г Ясногорск;03.04.2023;15:00;любой
79;Тульская обл, г Богородицк;Тульская обл, г Ясногорск;03.04.2023;15:00;любой
80;Краснодарский край, Новороссийск;Краснодарский край, Кропоткин г;03.04.2023;00:00;любой
81;Краснодарский край, Новороссийск;Пятигорск;04.04.2023;16:55;любой
82;Краснодарский край, Новороссийск;Пятигорск;04.04.2023;16:55;любой
83;Краснодарский край, Новороссийск;Пятигорск;03.04.2023;13:30;любой
84;Респ Адыгея, Адыгейск;Краснодарский край, Новороссийск;03.04.2023;17:00;любой
85;Краснодарский край, Новороссийск;Краснодар;03.04.2023;18:30;любой
86;Ярославская обл., Рыбинск;Тульская обл, г Ясногорск;05.04.2023;00:00;любой
87;Ярославская обл., Рыбинск;Тульская обл, г Ясногорск;05.04.2023;00:00;любой
88;Ярославская обл., Рыбинск;Тульская обл, г Ясногорск;06.04.2023;00:00;любой
89;Ярославская обл., Рыбинск;Тульская обл, г Ясногорск;06.04.2023;00:00;любой
90;Ярославская обл., Рыбинск;Тульская обл, г Ясногорск;06.04.2023;00:00;любой
91;Ярославская обл., Рыбинск;Владимирская обл, г Ковров;06.04.2023;00:00;любой
92;Тульская обл, г Ясногорск;Ивановская обл., Фурманов;05.04.2023;22:00;любой
93;Тульская обл, г Ясногорск;Ивановская обл., Фурманов;06.04.2023;22:00;любой
94;Тульская обл, г Ясногорск;Ивановская обл., Фурманов;06.04.2023;23:00;любой
95;Ярославская обл., Рыбинск;Республика Татарстан, Зеленодольский район, село Осиново;06.04.2023;00:00;любой
96;Ярославская обл., Рыбинск;Чебоксары;06.04.2023;00:00;любой
97;Ярославская обл., Рыбинск;г Рязань;06.04.2023;00:00;любой
98;Ярославская обл., Рыбинск;Тульская обл, г Ясногорск;06.04.2023;00:00;любой
99;г Иваново;Тульская обл, г Ясногорск;03.04.2023;15:00;любой
100;Краснодарский край, Новороссийск;Краснодарский край, Кропоткин г;06.04.2023;17:55;любой
101;Краснодарский край, Новороссийск;Пятигорск;06.04.2023;12:00;любой
102;Краснодарский край, Новороссийск;Пятигорск;06.04.2023;16:55;любой
103;Ярославская обл., Рыбинск;Курск;08.04.2023;00:00;любой
104;Ярославская обл., Рыбинск;Тульская обл, г Ясногорск;07.04.2023;00:00;любой
105;Тульская обл, г Ясногорск;Нижегородская обл, г Дзержинск;08.04.2023;20:00;любой
106;Ярославская обл., Рыбинск;Тульская обл, г Ясногорск;07.04.2023;00:00;любой
107;Тульская обл, г Ясногорск;Нижегородская обл, г Дзержинск;08.04.2023;21:00;любой
108;Краснодарский край, Новороссийск;Краснодарский край, Кропоткин г;07.04.2023;16:15;любой
109;Краснодарский край, Новороссийск;Краснодарский край, Кропоткин г;07.04.2023;12:00;любой
110;г Иваново;Ярославская обл., Рыбинск;07.04.2023;00:00;любой
111;г Иваново;Ярославская обл., Рыбинск;07.04.2023;00:00;любой
112;г Иваново;Ярославская обл., Рыбинск;07.04.2023;00:00;любой
113;г Иваново;Ярославская обл., Рыбинск;07.04.2023;00:00;любой
114;Ярославская обл., Рыбинск;Чебоксары;07.04.2023;00:00;любой
115;Ярославская обл., г Ростов;Тульская обл, г Ясногорск;07.04.2023;15:00;любой
116;г. Рязань;Тульская обл, г Ясногорск;07.04.2023;15:00;любой
117;Ярославская обл., г. Ростов;Тульская обл, г Ясногорск;07.04.2023;15:00;любой
118;г Иваново;Тульская обл, г Ясногорск;07.04.2023;15:00;любой
119;г Иваново;Ярославская обл., Рыбинск;07.04.2023;00:00;любой
120;Ивановская обл, пос. Лежнево;Тульская обл, г Ясногорск;07.04.2023;15:00;любой
121;Тульская обл, г Суворов;Тульская обл, г Ясногорск;07.04.2023;15:00;любой
122;Тульская обл, г Ясногорск;Ивановская обл., Фурманов;07.04.2023;22:00;любой
123;Тульская обл, г Ясногорск;Ивановская обл., Фурманов;07.04.2023;23:00;любой
124;г Владимир;Тульская обл, г Ясногорск;07.04.2023;15:00;любой
125;Тульская обл;Тульская обл, г Ясногорск;07.04.2023;15:00;любой
126;Московская обл, г Чехов;Тульская обл, г Ясногорск;08.04.2023;10:00;любой
127;Ивановская обл, село Бибирево;Тульская обл, г Ясногорск;07.04.2023;16:00;любой
128;г Тула;Тульская обл, г Ясногорск;07.04.2023;15:00;любой
129;Чеховский р-н, Константиновское;Тульская обл, г Ясногорск;07.04.2023;15:00;любой
130;Ивановская обл, Приволжск;Тульская обл, г Ясногорск;07.04.2023;15:00;любой
131;г Иваново;Тульская обл, г Ясногорск;07.04.2023;15:00;любой
132;Тульская обл, г Ясногорск;Ивановская обл., Фурманов;07.04.2023;23:00;любой
133;г Иваново;Тульская обл, г Ясногорск;07.04.2023;15:00;любой
134;Новочебоксарск;Тульская обл, г Ясногорск;07.04.2023;15:00;любой
135;г Иваново;Тульская обл, г Ясногорск;07.04.2023;16:00;любой
136;г Иваново;Тульская обл, г Ясногорск;07.04.2023;16:00;любой
137;г Иваново;Ярославская обл., Рыбинск;07.04.2023;00:00;задний
138;г Иваново;Ярославская обл., Рыбинск;07.04.2023;00:00;задний
139;г Казань;Ярославская обл., Рыбинск;07.04.2023;00:00;боковой
140;Краснодарский край, Новороссийск;Пятигорск;07.04.2023;13:30;любой
141;Казань;Ярославская обл., Рыбинск;07.04.2023;00:00;боковой
142;Казань г.;Ярославская обл., Рыбинск;07.04.2023;00:00;задний
143;Ярославская обл., Рыбинск;г Калуга;07.04.2023;00:00;любой
144;Ярославская обл., Рыбинск;Республика Татарстан, Зеленодольский район, село Осиново;07.04.2023;00:00;любой
145;Московская обл, г Серпухов;Тульская обл, г Ясногорск;07.04.2023;15:00;любой
146;Краснодарский край, Новороссийск;Пятигорск;07.04.2023;15:00;любой
147;Чеховский р-н, Константиновское;Тульская обл, г Ясногорск;07.04.2023;16:00;любой
148;г Иваново;Ярославская обл., Рыбинск;07.04.2023;00:00;задний
149;Ивановская обл., село Богородское;Ярославская обл., Рыбинск;07.04.2023;00:00;задний
150;г Иваново;Ярославская обл., Рыбинск;07.04.2023;00:00;задний
151;РФ, Краснодарский край, Краснодар г;Краснодарский край, Новороссийск;07.04.2023;17:00;любой
152;РФ, Краснодарский край, Краснодар г;Краснодарский край, Новороссийск;07.04.2023;17:00;любой
153;Ярославская обл., Рыбинск;Чебоксары;07.04.2023;00:00;любой
154;Краснодарский край, Новороссийск;Краснодарский край, Кропоткин г;08.04.2023;12:00;любой
155;Краснодарский край, Новороссийск;Краснодарский край, Кропоткин г;08.04.2023;12:00;любой
156;Тульская обл, г Ясногорск;Нижегородская обл, г Дзержинск;08.04.2023;22:00;любой
157;Ярославская обл., Рыбинск;Тульская обл, г Ясногорск;08.04.2023;00:00;любой
158;Ярославская обл., Рыбинск;Тульская обл, г Ясногорск;08.04.2023;00:00;любой
159;Ярославская обл., Рыбинск;Чебоксары;08.04.2023;00:00;любой
160;Ярославская обл., Рыбинск;Чебоксары;08.04.2023;00:00;любой
161;Ярославская обл., Рыбинск;Чебоксары;08.04.2023;00:00;любой
162;г Рязань;Тульская обл, г Ясногорск;08.04.2023;15:00;любой
163;Тульская обл, г Суворов;Тульская обл, г Ясногорск;08.04.2023;15:00;любой
164;Ярославская обл., Рыбинск;Малоярославец;08.04.2023;00:00;любой
165;Ивановская обл, деревня Большое Ступкино;Ярославская обл., Рыбинск;08.04.2023;00:00;любой
166;Ярославская обл., Рыбинск;Ивановская обл, г. Приволжск;08.04.2023;00:00;любой
167;г Иваново;Тульская обл, г Ясногорск;08.04.2023;15:00;любой
168;Иваново;Ярославская обл., Рыбинск;08.04.2023;00:00;любой
169;Иваново;Ярославская обл., Рыбинск;08.04.2023;00:00;задний
170;Ивановская обл., село Богородское;Тульская обл, г Ясногорск;08.04.2023;15:00;любой
171;г Иваново;Ярославская обл., Рыбинск;08.04.2023;00:00;любой
172;г. Рязань;Тульская обл, г Ясногорск;08.04.2023;15:00;любой
173;Тульская обл, г Ясногорск;Ивановская обл., Фурманов;08.04.2023;23:00;любой
174;Казань г.;Ярославская обл., Рыбинск;08.04.2023;00:00;задний
175;г Казань;Ярославская обл., Рыбинск;08.04.2023;00:00;боковой
176;Ивановская обл, Приволжск;Тульская обл, г Ясногорск;08.04.2023;16:00;любой
177;Ивановская обл, пос. Лежнево;Тульская обл, г Ясногорск;08.04.2023;16:00;любой
178;Ивановская обл, село Чернореченский;Тульская обл, г Ясногорск;08.04.2023;16:00;любой
179;г Иваново;Тульская обл, г Ясногорск;08.04.2023;15:00;любой
180;г Иваново;Тульская обл, г Ясногорск;08.04.2023;15:00;любой
181;Тульская обл, г Ясногорск;Ивановская обл., Фурманов;08.04.2023;23:00;любой
182;г Иваново;Тульская обл, г Ясногорск;08.04.2023;15:00;любой
183;г Иваново;Тульская обл, г Ясногорск;08.04.2023;15:00;любой
184;г Иваново;Ярославская обл., Рыбинск;08.04.2023;00:00;любой
185;Ярославская обл., Рыбинск;республика Татарстан, г. Зеленодольск;08.04.2023;00:00;любой
186;Ярославская обл., Рыбинск;республика Татарстан, г. Зеленодольск;08.04.2023;00:00;любой
187;Ярославская обл., Рыбинск;г Иваново;08.04.2023;00:00;любой
188;Казань;Ярославская обл., Рыбинск;08.04.2023;00:00;боковой
189;Казань;Ярославская обл., Рыбинск;08.04.2023;00:00;задний
190;РФ, Краснодарский край, Краснодар г;Краснодарский край, Новороссийск;08.04.2023;17:00;любой
191;Краснодарский край, Новороссийск;Пятигорск;09.04.2023;12:00;любой
192;Ярославская обл., Рыбинск;Иваново;08.04.2023;00:00;любой
193;Приволжск;Ярославская обл., Рыбинск;08.04.2023;00:00;задний
194;Ивановская обл, деревня Большое Ступкино;Ярославская обл., Рыбинск;09.04.2023;00:00;любой
195;Иваново;Ярославская обл., Рыбинск;09.04.2023;00:00;задний
196;г Иваново;Ярославская обл., Рыбинск;09.04.2023;00:00;задний
197;Казань г.;Ярославская обл., Рыбинск;09.04.2023;00:00;задний
198;Ярославская обл., Рыбинск;Калужская область, Боровского района, г.Балабаново;09.04.2023;00:00;любой
199;Ярославская обл., Рыбинск;Нижегородская обл, г Богородск;09.04.2023;00:00;любой
200;Ярославская обл., Рыбинск;Чебоксары;09.04.2023;00:00;любой
201;Московская обл, г Серпухов;Тульская обл, г Ясногорск;09.04.2023;15:00;любой
202;Иваново;Ярославская обл., Рыбинск;09.04.2023;00:00;любой
203;Ивановская обл, посёлок Палех;Тульская обл, г Ясногорск;09.04.2023;16:00;любой
204;Тульская обл;Тульская обл, г Ясногорск;09.04.2023;15:00;любой
205;Калужская обл, г Малоярославец;Тульская обл, г Ясногорск;09.04.2023;16:00;любой
206;Ивановская обл, посёлок Палех;Тульская обл, г Ясногорск;09.04.2023;15:00;любой
207;Тульская обл, г Ясногорск;Ярославская обл, г Ярославль;09.04.2023;20:00;любой
208;г Иваново;Тульская обл, г Ясногорск;09.04.2023;15:00;любой
209;Ивановская обл, пос. Лежнево;Тульская обл, г Ясногорск;09.04.2023;15:00;любой
210;Московская обл, г Серпухов;Тульская обл, г Ясногорск;09.04.2023;15:00;любой
211;г Иваново;Тульская обл, г Ясногорск;09.04.2023;15:00;любой
212;Ярославская обл., Рыбинск;Тульская обл, г Ясногорск;09.04.2023;00:00;любой
213;Тульская обл, г Ясногорск;г Иваново;09.04.2023;20:00;любой
214;г Иваново;Ярославская обл., Рыбинск;09.04.2023;00:00;задний
215;г Иваново;Ярославская обл., Рыбинск;09.04.2023;00:00;задний
216;Иваново;Ярославская обл., Рыбинск;09.04.2023;00:00;любой
217;Волгоград;Ярославская обл., Рыбинск;09.04.2023;00:00;любой
218;Ярославская обл., Рыбинск;республика Татарстан, г. Зеленодольск;09.04.2023;00:00;любой
219;г Иваново;Тульская обл, г Ясногорск;09.04.2023;15:00;любой
220;Ярославская обл., Рыбинск;Тульская обл, г Ясногорск;09.04.2023;00:00;любой
221;Тульская обл, г Ясногорск;Ивановская обл., Фурманов;09.04.2023;23:00;любой
222;Ярославская обл., Рыбинск;Тульская обл, г Ясногорск;09.04.2023;00:00;любой
223;Ярославская обл., Рыбинск;Тульская обл, г Ясногорск;09.04.2023;00:00;любой
224;г Иваново;Тульская обл, г Ясногорск;09.04.2023;14:00;любой
225;Ивановская обл.,Тейковский район, д Большое Ступкино;Тульская обл, г Ясногорск;09.04.2023;15:00;любой
226;г Иваново;Тульская обл, г Ясногорск;09.04.2023;15:00;любой
227;г Иваново;Тульская обл, г Ясногорск;09.04.2023;15:00;любой
228;Казань;Ярославская обл., Рыбинск;09.04.2023;00:00;боковой
229;Ярославская обл., Рыбинск;г Рязань;09.04.2023;00:00;любой
230;Ярославская обл., Гаврилов-Ям;Тульская обл, г Ясногорск;09.04.2023;15:00;любой
231;г Иваново;Тульская обл, г Ясногорск;09.04.2023;15:00;любой
232;г Иваново;Тульская обл, г Ясногорск;09.04.2023;14:00;любой
233;г Иваново;Тульская обл, г Ясногорск;09.04.2023;16:00;любой
234;г. Рязань;Тульская обл, г Ясногорск;09.04.2023;15:00;любой
235;РФ, Краснодарский край, Краснодар г;Краснодарский край, Новороссийск;09.04.2023;17:00;любой
236;Чеховский р-н, Константиновское;Тульская обл, г Ясногорск;09.04.2023;16:00;любой
237;Иваново;Ярославская обл., Рыбинск;09.04.2023;00:00;любой
238;Ивановская обл., село Богородское;Ярославская обл., Рыбинск;09.04.2023;00:00;задний
239;Ярославская обл., Рыбинск;Тульская обл, г Ясногорск;09.04.2023;00:00;любой
240;Казань;Ярославская обл., Рыбинск;09.04.2023;00:00;боковой
241;Иваново;Ярославская обл., Рыбинск;09.04.2023;00:00;задний
242;г Казань;Ярославская обл., Рыбинск;09.04.2023;00:00;боковой
243;Ярославская обл., Рыбинск;Владимирская обл., г Радужный;09.04.2023;00:00;любой
244;г Иваново;Ярославская обл., Рыбинск;09.04.2023;00:00;любой
245;Ярославская обл., Рыбинск;г Иваново;09.04.2023;00:00;любой
246;Ярославская обл., Рыбинск;г Иваново;09.04.2023;00:00;любой
247;г Иваново;Тульская обл, г Ясногорск;10.04.2023;15:00;любой
248;Ярославская обл., Рыбинск;Калужская обл, г Суворов;10.04.2023;00:00;любой
249;Ярославская обл., Рыбинск;Республика Татарстан, Зеленодольский район, село Осиново;10.04.2023;00:00;любой
250;Ярославская обл., Рыбинск;г Калуга;10.04.2023;00:00;любой
251;г Иваново;Ярославская обл., Рыбинск;10.04.2023;00:00;любой
252;Ярославская обл., Рыбинск;Нижегородская обл, г Богородск;10.04.2023;00:00;любой
253;Ярославская обл., Рыбинск;Чебоксары;10.04.2023;00:00;любой
254;Ярославская обл., Рыбинск;Чебоксары;10.04.2023;00:00;любой
255;Ярославская обл., Рыбинск;Калужская область, Боровского района, г.Балабаново;10.04.2023;00:00;любой
256;Ярославская обл., Рыбинск;Тульская обл, г Ясногорск;10.04.2023;00:00;любой
257;г Иваново;Ярославская обл., Рыбинск;10.04.2023;00:00;задний
258;Чеховский р-н, Константиновское;Тульская обл, г Ясногорск;10.04.2023;15:00;любой
259;г Иваново;Тульская обл, г Ясногорск;10.04.2023;15:00;любой
260;Чеховский р-н, Константиновское;Тульская обл, г Ясногорск;10.04.2023;15:00;любой
261;Владимирская обл., г. Радужный;Тульская обл, г Ясногорск;10.04.2023;15:00;любой
262;г Иваново;Тульская обл, г Ясногорск;10.04.2023;15:00;любой
263;Тульская обл, г Ясногорск;г Иваново;10.04.2023;21:00;любой
264;Ярославская обл., Рыбинск;Тульская обл, г Ясногорск;10.04.2023;00:00;любой
265;Ярославская обл., Рыбинск;г Чебоксары;10.04.2023;00:00;любой
266;Ивановская обл, пос. Лежнево;Тульская обл, г Ясногорск;10.04.2023;15:00;любой
267;Ивановская обл, село Чернореченский;Тульская обл, г Ясногорск;10.04.2023;15:00;любой
268;г Иваново;Тульская обл, г Ясногорск;10.04.2023;15:00;любой
269;Тульская обл, г Ясногорск;Ивановская обл, г Фурманов;10.04.2023;22:00;любой
270;г Иваново;Тульская обл, г Ясногорск;10.04.2023;15:00;любой
271;Тульская обл, г Ясногорск;г Иваново;10.04.2023;23:00;любой
272;Иваново;Ярославская обл., Рыбинск;10.04.2023;00:00;задний
273;Костромская обл., г. Нерехта;Ярославская обл., Рыбинск;10.04.2023;00:00;любой
274;Иваново;Ярославская обл., Рыбинск;10.04.2023;00:00;любой
275;Ивановская обл, деревня Большое Ступкино;Ярославская обл., Рыбинск;10.04.2023;00:00;любой
276;г Иваново;Ярославская обл., Рыбинск;10.04.2023;00:00;любой
277;Ярославская обл., Рыбинск;Ярославская обл, Переславль-Залесский;10.04.2023;00:00;любой
278;Ярославская обл., Рыбинск;Тульская обл, г Ясногорск;10.04.2023;00:00;любой
279;г Иваново;Тульская обл, г Ясногорск;10.04.2023;15:00;любой
280;Ивановская обл., село Богородское;Тульская обл, г Ясногорск;10.04.2023;15:00;любой
281;Ивановская обл, посёлок Палех;Тульская обл, г Ясногорск;10.04.2023;15:00;любой
282;Тульская обл, поселок Петровский;Тульская обл, г Ясногорск;10.04.2023;15:00;любой
283;г Казань;Ярославская обл., Рыбинск;10.04.2023;00:00;боковой
284;Казань;Ярославская обл., Рыбинск;10.04.2023;00:00;задний
285;Ивановская область, с. Шилыково;Тульская обл, г Ясногорск;10.04.2023;15:00;любой
286;РФ, Краснодарский край, Краснодар г;Краснодарский край, Новороссийск;10.04.2023;17:00;любой
287;Респ Адыгея, Адыгейск;Краснодарский край, Новороссийск;10.04.2023;17:00;любой
288;г Иваново;Ярославская обл., Рыбинск;10.04.2023;00:00;задний
289;Казань;Ярославская обл., Рыбинск;10.04.2023;00:00;боковой
290;Краснодарский край, Новороссийск;Пятигорск;10.04.2023;00:00;любой
291;Ярославская обл., Рыбинск;г. Казань;10.04.2023;00:00;любой
292;Ярославская обл., Рыбинск;Тульская обл, г Ясногорск;10.04.2023;00:00;любой
293;Чеховский р-н, Константиновское;Тульская обл, г Ясногорск;11.04.2023;10:00;любой
294;Ивановская обл., г. Шуя;Тульская обл, г Ясногорск;11.04.2023;15:00;любой
295;Ивановская обл, пос. Лежнево;Тульская обл, г Ясногорск;11.04.2023;13:00;любой
296;Ивановская обл., д. Гоголево;Тульская обл, г Ясногорск;11.04.2023;15:00;любой
297;Ивановская обл, пос. Лежнево;Тульская обл, г Ясногорск;11.04.2023;15:00;любой
298;г Рязань;Тульская обл, г Ясногорск;11.04.2023;15:00;любой
299;Краснодарский край, Новороссийск;Пятигорск;11.04.2023;12:00;любой
300;Краснодарский край, Новороссийск;Краснодарский край, Кропоткин г;11.04.2023;16:00;любой
301;г Иваново;Тульская обл, г Ясногорск;11.04.2023;15:00;любой
302;г Иваново;Тульская обл, г Ясногорск;11.04.2023;15:00;любой
303;Ивановская обл., село Богородское;Тульская обл, г Ясногорск;11.04.2023;15:00;любой
304;Тульская обл, г Ясногорск;Владимирская обл., г Радужный;13.04.2023;21:00;любой
305;Тульская обл, г Ясногорск;г Ярославль;13.04.2023;22:00;любой
306;Тульская обл, г Ясногорск;г Иваново;13.04.2023;22:00;любой
307;Чеховский р-н, Константиновское;Тульская обл, г Ясногорск;11.04.2023;15:00;любой
308;Ярославская обл., Рыбинск;Тульская обл, г Ясногорск;11.04.2023;00:00;любой
309;Ярославская обл., Рыбинск;Тульская обл, г Ясногорск;11.04.2023;00:00;любой
310;Ярославская обл., Рыбинск;республика Татарстан, г. Зеленодольск;11.04.2023;00:00;любой
311;г Иваново;Тульская обл, г Ясногорск;11.04.2023;15:00;любой
312;Тульская обл, г Ясногорск;г Ярославль;13.04.2023;22:00;любой
313;Тульская обл, г Ясногорск;Нижегородская обл, г Дзержинск;13.04.2023;21:00;любой
314;г Казань;Ярославская обл., Рыбинск;11.04.2023;00:00;боковой
315;Ивановская обл., Игнатово;Ярославская обл., Рыбинск;11.04.2023;00:00;любой
316;г Иваново;Ярославская обл., Рыбинск;11.04.2023;00:00;задний
317;Тульская обл, г Ясногорск;Нижегородская обл, г Дзержинск;14.04.2023;21:00;любой
318;Ивановская обл, деревня Большое Ступкино;Ярославская обл., Рыбинск;11.04.2023;00:00;любой
319;Ивановская обл., Палехский р-н, село Майдаково;Ярославская обл., Рыбинск;11.04.2023;00:00;любой
320;Ивановская обл, пос. Палех;Ярославская обл., Рыбинск;11.04.2023;00:00;боковой
321;Тульская обл, г Ясногорск;г Ярославль;13.04.2023;23:00;любой
322;Чеховский р-н, Константиновское;Тульская обл, г Ясногорск;11.04.2023;15:00;любой
323;Ивановская обл, г Фурманов;Тульская обл, г Ясногорск;11.04.2023;15:00;любой
324;Московская обл, г Чехов;Тульская обл, г Ясногорск;11.04.2023;15:00;любой
325;г Иваново;Тульская обл, г Ясногорск;11.04.2023;15:00;любой
326;Ярославская обл., Рыбинск;Ивановская обл, п. Палех;11.04.2023;00:00;любой
327;Владимирская обл., г. Радужный;Тульская обл, г Ясногорск;11.04.2023;15:00;любой
328;Калуга;Ярославская обл., Рыбинск;11.04.2023;00:00;боковой
329;республика Татарстан, Зеленодольск;Ярославская обл., Рыбинск;11.04.2023;00:00;любой
330;республика Татарстан, Зеленодольск;Ярославская обл., Рыбинск;11.04.2023;00:00;любой
331;Волгоград;Ярославская обл., Рыбинск;11.04.2023;00:00;любой
332;Ивановская обл, деревня Большое Ступкино;Ярославская обл., Рыбинск;11.04.2023;00:00;любой
333;Казань;Ярославская обл., Рыбинск;11.04.2023;00:00;боковой
334;г Иваново;Ярославская обл., Рыбинск;11.04.2023;00:00;задний
335;Казань г.;Ярославская обл., Рыбинск;11.04.2023;00:00;задний
336;Ярославская обл., Рыбинск;г. Кострома;11.04.2023;00:00;любой
337;Ярославская обл., Рыбинск;Тульская обл, г Ясногорск;12.04.2023;00:00;любой
338;Ивановская обл., г. Шуя;Тульская обл, г Ясногорск;11.04.2023;15:00;любой
339;Тульская обл;Тульская обл, г Ясногорск;11.04.2023;15:00;любой
340;Ивановская обл, Приволжск;Тульская обл, г Ясногорск;11.04.2023;15:00;любой
341;г. Владимир;Тульская обл, г Ясногорск;11.04.2023;16:00;любой
342;Ивановская обл., село Богородское;Тульская обл, г Ясногорск;11.04.2023;16:00;любой
343;Ивановская область, Богородское;Тульская обл, г Ясногорск;11.04.2023;16:00;любой
344;Тульская обл, г Ясногорск;Калужская обл, г Кондрово;12.04.2023;22:00;любой
345;Тульская обл, г Ясногорск;Калужская обл, г Кондрово;12.04.2023;23:00;любой
346;Тульская обл, г Ясногорск;г Ярославль;12.04.2023;23:00;любой
347;Тульская обл, г Ясногорск;Нижегородская обл, г Дзержинск;13.04.2023;20:00;любой
348;Тульская обл, г Ясногорск;Калужская обл, г Балабаново;13.04.2023;22:00;любой
349;Тульская обл, г Ясногорск;Нижегородская обл, г Дзержинск;13.04.2023;22:00;любой
350;Ярославская обл., Рыбинск;Малоярославец;11.04.2023;00:00;любой
351;Ярославская обл., Рыбинск;Малоярославец;11.04.2023;00:00;любой
352;г Тула;Тульская обл, г Ясногорск;11.04.2023;15:00;любой
353;Ярославская обл., Рыбинск;Чебоксары;13.04.2023;00:00;любой
354;Ярославская обл., Рыбинск;Тульская обл, г Ясногорск;13.04.2023;00:00;любой
355;Ярославская обл., Рыбинск;Владимирская обл, г Лакинск;13.04.2023;00:00;любой
356;Ярославская обл., Рыбинск;Калужская область, Боровского района, г.Балабаново;13.04.2023;00:00;любой
357;Ярославская обл., Рыбинск;Калужская обл, г Суворов;13.04.2023;00:00;любой
358;Ярославская обл., Рыбинск;г Калуга;13.04.2023;00:00;любой
359;Ярославская обл., Рыбинск;республика Татарстан, г. Зеленодольск;13.04.2023;00:00;любой
360;Ярославская обл., Рыбинск;республика Татарстан, г. Зеленодольск;13.04.2023;00:00;любой
361;Ярославская обл., Рыбинск;Малоярославец;13.04.2023;00:00;любой
362;Ярославская обл., Рыбинск;Нижегородская обл, г Богородск;13.04.2023;00:00;любой
363;Ярославская обл., Рыбинск;Тульская обл, г Ясногорск;13.04.2023;00:00;любой
364;Ярославская обл., Рыбинск;Нижегородская обл, г Богородск;13.04.2023;00:00;любой
365;Кострома;Тульская обл, г Ясногорск;11.04.2023;16:00;любой
366;Ярославская обл., Рыбинск;г Чебоксары;13.04.2023;00:00;любой
367;Краснодарский край, Новороссийск;Краснодарский край, Кропоткин г;11.04.2023;00:00;любой
368;Краснодарский край, Новороссийск;Краснодарский край, Кропоткин г;13.04.2023;15:10;любой
369;Ярославская обл., Рыбинск;Нижегородская обл, г Богородск;14.04.2023;00:00;любой
370;Ярославская обл., Рыбинск;г. Казань;14.04.2023;00:00;любой
371;Ярославская обл., Рыбинск;Республика Татарстан, Зеленодольский район, село Осиново;14.04.2023;00:00;любой
372;Ярославская обл., Рыбинск;г. Казань;14.04.2023;00:00;любой
373;Ярославская обл., Рыбинск;Тульская обл, г Ясногорск;14.04.2023;00:00;любой
374;Ивановская обл, деревня Большое Ступкино;Ярославская обл., Рыбинск;14.04.2023;00:00;любой
375;Иваново;Ярославская обл., Рыбинск;14.04.2023;00:00;задний
376;Калуга;Ярославская обл., Рыбинск;14.04.2023;00:00;боковой
377;Казань;Ярославская обл., Рыбинск;14.04.2023;00:00;боковой
378;Тульская обл, г Ясногорск;г Ярославль;14.04.2023;22:00;любой
379;Тульская обл, г Ясногорск;г Иваново;14.04.2023;23:00;любой
380;г Иваново;Тульская обл, г Ясногорск;14.04.2023;15:00;любой
381;Тульская обл;Тульская обл, г Ясногорск;14.04.2023;15:00;любой
382;Ивановская обл, пос. Лежнево;Тульская обл, г Ясногорск;14.04.2023;15:00;любой
383;Ивановская область, г. Кохма;Тульская обл, г Ясногорск;14.04.2023;15:00;любой
384;Тульская обл, г Ясногорск;республика Татарстан, г. Зеленодольск;14.04.2023;20:00;любой
385;Владимирская обл., г. Радужный;Тульская обл, г Ясногорск;14.04.2023;13:00;любой
386;Ивановская обл, г Тейково;Тульская обл, г Ясногорск;14.04.2023;16:00;любой
387;Ивановская обл, Коляновское сельское поселение;Тульская обл, г Ясногорск;14.04.2023;15:00;любой
388;Ивановская обл, пос. Лежнево;Тульская обл, г Ясногорск;14.04.2023;15:00;любой
389;Тульская обл, г Ясногорск;г Ярославль;14.04.2023;23:00;любой
390;Тульская обл, г Ясногорск;г Ярославль;14.04.2023;22:00;любой
391;Тульская обл, г Ясногорск;Калужская обл, г Кондрово;14.04.2023;15:00;любой
392;г Казань;Ярославская обл., Рыбинск;14.04.2023;00:00;боковой
393;Ивановская обл, пос. Лежнево;Тульская обл, г Ясногорск;14.04.2023;16:00;любой
394;Казань;Ярославская обл., Рыбинск;14.04.2023;00:00;боковой
395;Московская обл, г Серпухов;Тульская обл, г Ясногорск;14.04.2023;15:00;любой
396;Тульская обл, г Ясногорск;Калужская обл, г Кондрово;14.04.2023;23:00;любой
397;Ивановская обл., село Богородское;Тульская обл, г Ясногорск;14.04.2023;15:00;любой
398;Тульская обл, г Ясногорск;Калужская обл, г Кондрово;14.04.2023;15:00;любой
399;Ивановская обл., Родники г.;Тульская обл, г Ясногорск;14.04.2023;15:00;любой
400;Ивановская обл.,Тейковский район, д Большое Ступкино;Тульская обл, г Ясногорск;14.04.2023;15:00;любой
401;Ярославская обл., Рыбинск;г Чебоксары;14.04.2023;00:00;любой
402;Тульская обл, г Ясногорск;г Ярославль;14.04.2023;23:00;любой
403;Ивановская область, г. Кохма;Тульская обл, г Ясногорск;14.04.2023;15:00;любой
404;Гусь-Хрустальный;Ярославская обл., Рыбинск;14.04.2023;00:00;боковой
405;г Владимир;Тульская обл, г Ясногорск;14.04.2023;15:00;любой
406;г Иваново;Тульская обл, г Ясногорск;14.04.2023;15:00;любой
407;Ивановская обл, Приволжск;Тульская обл, г Ясногорск;14.04.2023;15:00;любой
408;Ивановская обл., г. Шуя;Тульская обл, г Ясногорск;14.04.2023;16:00;любой
409;г Иваново;Тульская обл, г Ясногорск;14.04.2023;20:00;любой
410;г Рязань;Тульская обл, г Ясногорск;14.04.2023;16:00;любой
411;Казань;Ярославская обл., Рыбинск;14.04.2023;00:00;задний
412;Казань;Ярославская обл., Рыбинск;14.04.2023;00:00;задний
413;Ярославская обл., Рыбинск;Тульская обл, г Ясногорск;14.04.2023;00:00;любой
414;РФ, Краснодарский край, Краснодар г;Краснодарский край, Новороссийск;14.04.2023;17:00;любой
415;РФ, Краснодарский край, Краснодар г;Краснодарский край, Новороссийск;14.04.2023;17:00;любой
416;г Иваново;Ярославская обл., Рыбинск;14.04.2023;00:00;любой
417;г Иваново;Ярославская обл., Рыбинск;14.04.2023;00:00;любой
418;Ярославская обл., Рыбинск;г Рязань;14.04.2023;00:00;любой
419;г Иваново;Тульская обл, г Ясногорск;14.04.2023;15:00;любой
420;г Иваново;Тульская обл, г Ясногорск;14.04.2023;15:00;любой
421;Ярославская обл., Рыбинск;Тульская обл, г Ясногорск;14.04.2023;00:00;любой
422;Московская обл, Протвино;Тульская обл, г Ясногорск;14.04.2023;15:00;любой
423;г Иваново;Ярославская обл., Рыбинск;14.04.2023;00:00;любой
424;Казань;Ярославская обл., Рыбинск;14.04.2023;00:00;задний
425;Казань;Ярославская обл., Рыбинск;14.04.2023;00:00;боковой
426;Казань;Ярославская обл., Рыбинск;14.04.2023;00:00;задний
427;г Иваново;Ярославская обл., Рыбинск;14.04.2023;00:00;задний
428;Ярославская обл., Рыбинск;Тульская обл, г Ясногорск;14.04.2023;00:00;любой
429;Тульская обл, г Ясногорск;Калужская обл, г Кондрово;15.04.2023;00:00;любой
430;Краснодарский край, Новороссийск;Краснодарский край, Кропоткин г;14.04.2023;00:00;любой
431;Ярославская обл., Рыбинск;Владимирская обл., г Радужный;14.04.2023;00:00;любой
432;Ярославская обл., Рыбинск;г. Казань;15.04.2023;00:00;любой
433;Ярославская обл., Рыбинск;Республика Татарстан, Зеленодольский район, село Осиново;15.04.2023;00:00;любой
434;Ярославская обл., Рыбинск;республика Татарстан, г. Зеленодольск;15.04.2023;00:00;любой
435;Ярославская обл., Рыбинск;Тульская обл, г Ясногорск;15.04.2023;00:00;любой
436;Ярославская обл., Рыбинск;Тульская обл, г Ясногорск;15.04.2023;00:00;любой
437;Ярославская обл., Рыбинск;Тверская обл, Тверь г;15.04.2023;00:00;любой
438;Ярославская обл., Рыбинск;г Нижний Новгород;15.04.2023;00:00;любой
439;г Казань;Ярославская обл., Рыбинск;15.04.2023;00:00;боковой
440;Тульская обл, г Ясногорск;Нижегородская обл, г Дзержинск;16.04.2023;20:00;любой
441;Тульская обл, г Ясногорск;Нижегородская обл, г Дзержинск;16.04.2023;21:00;любой
442;Казань г.;Ярославская обл., Рыбинск;15.04.2023;00:00;задний
443;Ивановская обл, Кохма г;Тульская обл, г Ясногорск;15.04.2023;15:00;любой
444;г Иваново;Тульская обл, г Ясногорск;15.04.2023;15:00;любой
445;Тульская обл, г Ясногорск;г Ярославль;15.04.2023;20:00;любой
446;Казань;Ярославская обл., Рыбинск;15.04.2023;00:00;задний
447;Ивановская обл, пос. Лежнево;Тульская обл, г Ясногорск;15.04.2023;15:00;любой
448;Казань;Ярославская обл., Рыбинск;15.04.2023;00:00;боковой
449;Ярославская обл., Рыбинск;г Иваново;15.04.2023;00:00;любой
450;Казань;Ярославская обл., Рыбинск;15.04.2023;00:00;боковой
451;Ярославская обл., Рыбинск;Владимирская обл., г Радужный;15.04.2023;00:00;любой
452;Ивановская обл, село Бибирево;Тульская обл, г Ясногорск;15.04.2023;15:00;любой
453;Тульская обл;Тульская обл, г Ясногорск;15.04.2023;15:00;любой
454;Ивановская область, с. Шилыково;Тульская обл, г Ясногорск;15.04.2023;15:00;любой
455;Московская обл, г Серпухов;Тульская обл, г Ясногорск;15.04.2023;15:00;любой
456;г Иваново;Тульская обл, г Ясногорск;15.04.2023;15:00;любой
457;Тульская обл, г Ясногорск;г Ярославль;15.04.2023;23:00;любой
458;Ивановская область, г. Шуя;Тульская обл, г Ясногорск;15.04.2023;15:00;любой
459;г Иваново;Тульская обл, г Ясногорск;15.04.2023;15:00;любой
460;Тульская обл, г Новомосковск;Тульская обл, г Ясногорск;15.04.2023;15:00;любой
461;Ивановская область, г. Кохма;Тульская обл, г Ясногорск;15.04.2023;15:00;любой
462;Новочебоксарск;Тульская обл, г Ясногорск;15.04.2023;15:00;любой
463;г. Рязань;Тульская обл, г Ясногорск;15.04.2023;20:00;любой
464;Тульская обл, г Ясногорск;г Ярославль;16.04.2023;03:00;любой
465;Тульская обл, г Суворов;Тульская обл, г Ясногорск;15.04.2023;15:00;любой
466;Казань;Ярославская обл., Рыбинск;15.04.2023;00:00;задний
467;г Иваново;Тульская обл, г Ясногорск;15.04.2023;15:00;любой
468;г Иваново;Тульская обл, г Ясногорск;15.04.2023;15:00;любой
469;Иваново;Ярославская обл., Рыбинск;15.04.2023;00:00;любой
470;Казань;Ярославская обл., Рыбинск;15.04.2023;00:00;задний
471;Ивановская обл., село Богородское;Тульская обл, г Ясногорск;15.04.2023;15:00;любой
472;Краснодарский край, Новороссийск;Пятигорск;15.04.2023;17:00;любой
473;Ивановская обл, пос. Лежнево;Тульская обл, г Ясногорск;15.04.2023;15:00;любой
474;Тульская обл, г Ясногорск;г Ярославль;16.04.2023;03:00;любой
475;Ярославская обл., Рыбинск;Тульская обл, г Ясногорск;15.04.2023;00:00;любой
476;г Иваново;Ярославская обл., Рыбинск;15.04.2023;00:00;любой
477;Иваново;Ярославская обл., Рыбинск;15.04.2023;00:00;любой
478;Ярославская обл., Рыбинск;Владимирская обл, г Лакинск;15.04.2023;00:00;любой
479;г Иваново;Ярославская обл., Рыбинск;15.04.2023;00:00;задний
480;Ярославская обл., Рыбинск;Нижегородская обл, г Богородск;15.04.2023;00:00;любой
481;г Иваново;Ярославская обл., Рыбинск;15.04.2023;00:00;любой
482;Краснодарский край, Новороссийск;Краснодарский край, Кропоткин г;15.04.2023;00:00;любой
483;Ярославская обл., Рыбинск;г. Ярославль;15.04.2023;00:00;любой
484;РФ, Краснодарский край, Краснодар г;Краснодарский край, Новороссийск;15.04.2023;17:00;любой
485;г Иваново;Ярославская обл., Рыбинск;15.04.2023;00:00;любой
486;Ярославская обл., Рыбинск;г. Казань;16.04.2023;00:00;любой
487;Ярославская обл., Рыбинск;Тульская обл, г Ясногорск;16.04.2023;00:00;любой
488;Ярославская обл., Рыбинск;Чебоксары;16.04.2023;00:00;любой
489;Казань;Ярославская обл., Рыбинск;16.04.2023;00:00;задний
490;МО, Ступинский р-он;Тульская обл, г Ясногорск;16.04.2023;15:00;любой
491;Фурманов;Ярославская обл., Рыбинск;16.04.2023;00:00;боковой
492;Иваново;Ярославская обл., Рыбинск;16.04.2023;00:00;любой
493;Владимирская обл., г. Суздаль;Тульская обл, г Ясногорск;16.04.2023;15:00;любой
494;Казань;Ярославская обл., Рыбинск;16.04.2023;00:00;задний
495;г Казань;Ярославская обл., Рыбинск;16.04.2023;00:00;боковой
496;Ярославская обл., Рыбинск;Тульская обл, г Ясногорск;16.04.2023;00:00;любой
497;Ярославская обл., Рыбинск;Тульская обл, г Ясногорск;16.04.2023;00:00;любой
498;Ивановская обл., село Богородское;Ярославская обл., Рыбинск;16.04.2023;00:00;задний
499;Ярославская обл., Рыбинск;Нижегородская обл, г Богородск;16.04.2023;00:00;любой
500;г Иваново;Ярославская обл., Рыбинск;16.04.2023;00:00;задний
501;Ивановская обл, п. Палех;Тульская обл, г Ясногорск;16.04.2023;15:00;любой
502;Иваново;Ярославская обл., Рыбинск;16.04.2023;00:00;любой
503;Ярославская обл., Рыбинск;Калужская область, Боровского района, г.Балабаново;16.04.2023;00:00;любой
504;Казань;Ярославская обл., Рыбинск;16.04.2023;00:00;боковой
505;г Иваново;Ярославская обл., Рыбинск;16.04.2023;00:00;любой
506;Ярославская обл., Рыбинск;г Рязань;16.04.2023;00:00;любой
507;Краснодарский край, Новороссийск;Краснодарский край, Кропоткин г;17.04.2023;16:30;любой
508;Казань г.;Ярославская обл., Рыбинск;16.04.2023;00:00;задний
509;г Иваново;Тульская обл, г Ясногорск;16.04.2023;16:00;любой
510;Московская обл, г Серпухов;Тульская обл, г Ясногорск;16.04.2023;16:00;любой
511;Ярославская обл., г Ростов;Тульская обл, г Ясногорск;16.04.2023;15:00;любой
512;г. Владимир;Тульская обл, г Ясногорск;16.04.2023;15:00;любой
513;Калужская обл, г Балабаново;Тульская обл, г Ясногорск;16.04.2023;15:00;любой
514;г Иваново;Тульская обл, г Ясногорск;16.04.2023;15:00;любой
515;Ивановская обл, посёлок Палех;Тульская обл, г Ясногорск;16.04.2023;15:00;любой
516;Ивановская обл, село Чернореченский;Тульская обл, г Ясногорск;16.04.2023;15:00;любой
517;Ивановская область, г. Кохма;Тульская обл, г Ясногорск;16.04.2023;15:00;любой
518;г Иваново;Тульская обл, г Ясногорск;16.04.2023;15:00;любой
519;Казань;Ярославская обл., Рыбинск;16.04.2023;00:00;задний
520;Ярославская обл., Рыбинск;Приволжск;16.04.2023;00:00;любой
521;Приволжск;Ярославская обл., Рыбинск;16.04.2023;00:00;задний
522;г Иваново;Ярославская обл., Рыбинск;16.04.2023;00:00;задний
523;Ярославская обл., Рыбинск;г Иваново;16.04.2023;00:00;любой
524;РФ, Краснодарский край, Краснодар г;Краснодарский край, Новороссийск;16.04.2023;17:00;любой
525;Ярославская обл., Рыбинск;г. Казань;17.04.2023;00:00;любой
526;Ярославская обл., Рыбинск;республика Татарстан, г. Зеленодольск;17.04.2023;00:00;любой
527;Чебоксары;Ярославская обл., Рыбинск;17.04.2023;;боковой
528;Ярославская обл., Рыбинск;г Нижний Новгород;17.04.2023;00:00;любой
529;Ярославская обл., Рыбинск;Тульская обл, г Ясногорск;17.04.2023;00:00;любой
530;Ярославская обл., Рыбинск;Нижегородская обл, г Богородск;17.04.2023;00:00;любой
531;г Казань;Ярославская обл., Рыбинск;17.04.2023;00:00;боковой
532;Ярославская обл., Рыбинск;Чебоксары;17.04.2023;00:00;любой
533;г Казань;Ярославская обл., Рыбинск;17.04.2023;00:00;боковой
534;Казань;Ярославская обл., Рыбинск;17.04.2023;00:00;боковой
535;Краснодарский край, Новороссийск;Краснодарский край, Кропоткин г;17.04.2023;12:55;любой
536;Ивановская обл, пос. Лежнево;Тульская обл, г Ясногорск;17.04.2023;12:00;любой
537;Калужская обл, г Малоярославец;Тульская обл, г Ясногорск;17.04.2023;15:00;любой
538;Тульская обл, г Ясногорск;г Ярославль;17.04.2023;20:00;любой
539;Ярославская обл., Рыбинск;г Чебоксары;17.04.2023;00:00;любой
540;г Иваново;Тульская обл, г Ясногорск;17.04.2023;15:00;любой
541;Чебоксары;Ярославская обл., Рыбинск;17.04.2023;00:00;боковой
542;Ярославская обл., Рыбинск;Тульская обл, г Ясногорск;17.04.2023;00:00;любой
543;Ивановская область, г. Кохма;Тульская обл, г Ясногорск;17.04.2023;15:00;любой
544;Ивановская область, с. Шилыково;Тульская обл, г Ясногорск;17.04.2023;16:00;любой
545;Ивановская обл, посёлок Лежнево;Тульская обл, г Ясногорск;17.04.2023;15:00;любой
546;Владимирская обл., г. Суздаль;Тульская обл, г Ясногорск;17.04.2023;15:00;любой
547;Ивановская обл, посёлок Лежнево;Тульская обл, г Ясногорск;17.04.2023;15:00;любой
548;г Иваново;Тульская обл, г Ясногорск;17.04.2023;15:00;любой
549;МО, Константиновское;Ярославская обл., Рыбинск;17.04.2023;00:00;задний
550;г Иваново;Ярославская обл., Рыбинск;17.04.2023;00:00;задний
551;Казань;Ярославская обл., Рыбинск;17.04.2023;00:00;задний
552;г Иваново;Ярославская обл., Рыбинск;17.04.2023;00:00;любой
553;г Иваново;Ярославская обл., Рыбинск;17.04.2023;00:00;любой
554;г Иваново;Ярославская обл., Рыбинск;17.04.2023;00:00;задний
555;г Иваново;Тульская обл, г Ясногорск;17.04.2023;15:00;любой
556;Ярославская обл., Рыбинск;Тульская обл, г Ясногорск;17.04.2023;00:00;любой
557;Чеховский р-н, Константиновское;Тульская обл, г Ясногорск;17.04.2023;15:00;любой
558;г Иваново;Тульская обл, г Ясногорск;17.04.2023;15:00;любой
559;Иваново;Ярославская обл., Рыбинск;17.04.2023;00:00;задний
560;Иваново;Ярославская обл., Рыбинск;17.04.2023;00:00;любой
561;Краснодарский край, Новороссийск;Пятигорск;17.04.2023;17:00;любой
562;Ярославская обл., Рыбинск;Владимирская обл., г Радужный;17.04.2023;00:00;любой
563;г Иваново;Тульская обл, г Ясногорск;17.04.2023;;любой
564;г Иваново;Тульская обл, г Ясногорск;17.04.2023;;любой
565;г Иваново;Тульская обл, г Ясногорск;17.04.2023;15:00;любой
566;г Иваново;Тульская обл, г Ясногорск;17.04.2023;15:00;любой
567;г. Рязань;Тульская обл, г Ясногорск;17.04.2023;15:00;любой
568;Ивановская обл., село Богородское;Тульская обл, г Ясногорск;17.04.2023;15:00;любой
569;Ивановская обл, Приволжск;Тульская обл, г Ясногорск;17.04.2023;15:00;любой
570;Краснодарский край, Новороссийск;Краснодар;17.04.2023;15:00;любой
571;Иваново;Ярославская обл., Рыбинск;17.04.2023;00:00;задний
572;Казань;Ярославская обл., Рыбинск;17.04.2023;00:00;задний
573;Казань г.;Ярославская обл., Рыбинск;17.04.2023;00:00;задний
574;Тульская обл, г Ясногорск;г Ярославль;18.04.2023;05:00;любой
575;Тульская обл, г Ясногорск;г Ярославль;18.04.2023;05:00;любой
576;Иваново;Ярославская обл., Рыбинск;17.04.2023;00:00;любой
577;Краснодарский край, Новороссийск;Пятигорск;17.04.2023;17:00;любой
578;Краснодарский край, Новороссийск;Пятигорск;18.04.2023;16:30;любой
579;РФ, Краснодарский край, Краснодар г;Краснодарский край, Новороссийск;16.04.2023;17:00;любой
580;Респ Адыгея, Адыгейск;Краснодарский край, Новороссийск;17.04.2023;17:00;любой
581;Калужская обл, г Малоярославец;Тульская обл, г Ясногорск;18.04.2023;16:00;любой
582;г Иваново;Ярославская обл., Рыбинск;18.04.2023;00:00;любой
583;г Казань;Ярославская обл., Рыбинск;18.04.2023;00:00;боковой
584;Московская обл, г Серпухов;Тульская обл, г Ясногорск;18.04.2023;15:00;любой
585;Ярославская обл., Рыбинск;Тульская обл, г Ясногорск;18.04.2023;00:00;любой
586;Ярославская обл., Рыбинск;Тульская обл, г Ясногорск;18.04.2023;00:00;любой
587;Казань;Ярославская обл., Рыбинск;18.04.2023;00:00;задний
588;Казань;Ярославская обл., Рыбинск;18.04.2023;00:00;боковой
589;Московская обл, г Серпухов;Тульская обл, г Ясногорск;18.04.2023;13:00;любой
590;г Иваново;Тульская обл, г Ясногорск;18.04.2023;15:00;любой
591;Казань;Ярославская обл., Рыбинск;18.04.2023;00:00;боковой
592;Владимирская обл., г. Суздаль;Тульская обл, г Ясногорск;18.04.2023;15:00;любой
593;Ивановская обл, пос. Лежнево;Тульская обл, г Ясногорск;18.04.2023;16:00;любой
594;МО, Константиновское;Ярославская обл., Рыбинск;18.04.2023;00:00;задний
595;Волгоград;Ярославская обл., Рыбинск;18.04.2023;00:00;любой
596;г Иваново;Ярославская обл., Рыбинск;18.04.2023;00:00;любой
597;Ярославская обл., Рыбинск;Тульская обл, г Ясногорск;18.04.2023;00:00;любой
598;г Иваново;Тульская обл, г Ясногорск;18.04.2023;15:00;любой
599;Ивановская обл, пос. Лежнево;Тульская обл, г Ясногорск;18.04.2023;15:00;любой
600;Ивановская обл., с. Шилыково;Тульская обл, г Ясногорск;18.04.2023;14:00;любой
601;г Иваново;Тульская обл, г Ясногорск;18.04.2023;15:00;любой
602;Ярославская обл., Рыбинск;Тульская обл, г Ясногорск;18.04.2023;00:00;любой
603;Ивановская обл, Лежнево;Ярославская обл., Рыбинск;18.04.2023;00:00;задний
604;Приволжск;Ярославская обл., Рыбинск;18.04.2023;00:00;задний
605;Иваново;Ярославская обл., Рыбинск;18.04.2023;00:00;любой
606;Тульская обл;Тульская обл, г Ясногорск;18.04.2023;15:00;любой
607;Ивановская обл, посёлок Лежнево;Тульская обл, г Ясногорск;18.04.2023;15:00;любой
608;г Иваново;Ярославская обл., Рыбинск;18.04.2023;00:00;задний
609;г Иваново;Тульская обл, г Ясногорск;18.04.2023;15:00;любой
610;МО, Ступинский р-он;Тульская обл, г Ясногорск;18.04.2023;15:00;любой
611;Тульская обл, г Ясногорск;г Иваново;20.04.2023;23:00;любой
612;Ярославская обл., Рыбинск;Тульская обл, г Ясногорск;18.04.2023;00:00;любой
613;Ярославская обл., Рыбинск;Тульская обл, г Ясногорск;18.04.2023;00:00;любой
614;Иваново;Ярославская обл., Рыбинск;18.04.2023;00:00;задний
615;Ярославская обл., Рыбинск;Тульская обл, г Ясногорск;18.04.2023;00:00;любой
616;Ярославская обл., Рыбинск;Калужская область, Боровского района, г.Балабаново;18.04.2023;00:00;любой
617;Ярославская обл., Рыбинск;Нижегородская обл, г Богородск;18.04.2023;00:00;любой
618;г Иваново;Тульская обл, г Ясногорск;18.04.2023;15:00;любой
619;г Владимир;Тульская обл, г Ясногорск;18.04.2023;12:00;любой
620;г. Рязань;Тульская обл, г Ясногорск;18.04.2023;15:00;любой
621;Ивановская обл., г Шуя;Тульская обл, г Ясногорск;18.04.2023;15:00;любой
622;г Владимир;Тульская обл, г Ясногорск;18.04.2023;15:00;любой
623;г Иваново;Тульская обл, г Ясногорск;18.04.2023;15:00;любой
624;Калужская обл, г Балабаново;Тульская обл, г Ясногорск;18.04.2023;15:00;любой
625;Ивановская обл, село Чернореченский;Тульская обл, г Ясногорск;18.04.2023;15:00;любой
626;Ивановская обл., Палехский р-н, село Майдаково;Тульская обл, г Ясногорск;18.04.2023;16:00;любой
627;Ивановская обл., село Богородское;Тульская обл, г Ясногорск;18.04.2023;16:00;любой
628;Ярославская обл., Гаврилов-Ям;Тульская обл, г Ясногорск;18.04.2023;16:00;любой
629;Ярославская обл., Рыбинск;Тульская обл, г Ясногорск;18.04.2023;00:00;любой
630;Ярославская обл., Рыбинск;Тульская обл, г Ясногорск;19.04.2023;00:00;любой
631;Казань;Ярославская обл., Рыбинск;18.04.2023;00:00;задний
632;Ярославская обл., Рыбинск;Тульская обл, г Ясногорск;19.04.2023;00:00;любой
633;Ивановская обл, деревня Большое Ступкино;Ярославская обл., Рыбинск;18.04.2023;00:00;любой
634;Краснодарский край, Новороссийск;Пятигорск;20.04.2023;12:00;любой
635;Ярославская обл., Рыбинск;Тульская обл, г Ясногорск;19.04.2023;00:00;любой
636;Краснодарский край, Новороссийск;Краснодарский край, Кропоткин г;18.04.2023;15:55;любой
637;Ярославская обл., Рыбинск;Тульская обл, г Ясногорск;19.04.2023;00:00;любой
638;Ярославская обл., Рыбинск;Тульская обл, г Ясногорск;19.04.2023;00:00;любой
639;Ярославская обл., Рыбинск;Ярославская обл, Переславль-Залесский;20.04.2023;00:00;любой
640;Ярославская обл., Рыбинск;Чебоксары;20.04.2023;00:00;любой
641;Ярославская обл., Рыбинск;Тульская обл, г Ясногорск;20.04.2023;00:00;любой
642;Ярославская обл., Рыбинск;Тульская обл, г Ясногорск;20.04.2023;00:00;любой
643;Ярославская обл., Рыбинск;Тульская обл, г Ясногорск;20.04.2023;00:00;любой
644;Ярославская обл., Рыбинск;г. Казань;20.04.2023;00:00;любой
645;Ярославская обл., Рыбинск;республика Татарстан, г. Зеленодольск;20.04.2023;00:00;любой
646;Ярославская обл., Рыбинск;Чебоксары;20.04.2023;00:00;любой
647;Ярославская обл., Рыбинск;г Рязань;20.04.2023;00:00;любой
648;Ярославская обл., Рыбинск;Калужская обл, г Суворов;20.04.2023;00:00;любой
649;Ярославская обл., Рыбинск;Владимирская обл, г Ковров;20.04.2023;00:00;любой
650;Ярославская обл., Рыбинск;республика Татарстан, г Зеленодольск;20.04.2023;00:00;любой
651;Ярославская обл., Рыбинск;г Казань;20.04.2023;00:00;любой
652;Ярославская обл., Рыбинск;Чебоксары;20.04.2023;00:00;любой
653;РФ, Краснодарский край, Краснодар г;Краснодарский край, Новороссийск;17.04.2023;08:00;любой
654;Ярославская обл., Рыбинск;Тульская обл, г Ясногорск;19.04.2023;00:00;любой
655;Ярославская обл., Рыбинск;Владимирская обл., г Радужный;19.04.2023;00:00;любой
656;Краснодарский край, Новороссийск;Краснодарский край, Кропоткин г;18.04.2023;09:00;любой
657;г Иваново;Тульская обл, г Ясногорск;18.04.2023;16:00;любой
658;Краснодарский край, Новороссийск;Краснодарский край, Кропоткин г;19.04.2023;00:00;любой
659;Краснодарский край, Новороссийск;Краснодарский край, Кропоткин г;20.04.2023;16:00;любой
660;Ярославская обл., Рыбинск;г. Казань;21.04.2023;00:00;любой
661;Ярославская обл., Рыбинск;Ивановская обл, пос. Лежнево;21.04.2023;00:00;любой
662;Ярославская обл., Рыбинск;г Иваново;21.04.2023;00:00;любой
663;Ярославская обл., Рыбинск;Иваново;21.04.2023;00:00;любой
664;Ивановская обл, посёлок Палех;Тульская обл, г Ясногорск;21.04.2023;15:00;любой
665;Казань;Ярославская обл., Рыбинск;21.04.2023;00:00;задний
666;Чебоксары;Ярославская обл., Рыбинск;21.04.2023;00:00;боковой
667;Казань;Ярославская обл., Рыбинск;21.04.2023;00:00;боковой
668;г Казань;Ярославская обл., Рыбинск;21.04.2023;00:00;боковой
669;Ивановская обл, пос. Лежнево;Тульская обл, г Ясногорск;21.04.2023;15:00;любой
670;Ивановская обл, пос. Лежнево;Тульская обл, г Ясногорск;21.04.2023;15:00;любой
671;г Владимир;Тульская обл, г Ясногорск;21.04.2023;15:00;любой
672;Ярославская обл., г Ростов;Ярославская обл., Рыбинск;21.04.2023;00:00;любой
673;Ярославская обл., г. Ростов;Тульская обл, г Ясногорск;21.04.2023;15:00;любой
674;Ивановская обл, село Чернореченский;Тульская обл, г Ясногорск;21.04.2023;14:00;любой
675;Московская обл, г Чехов;Тульская обл, г Ясногорск;21.04.2023;15:00;любой
676;Казань г.;Ярославская обл., Рыбинск;21.04.2023;00:00;задний
677;Ярославская обл., Рыбинск;Тульская обл, г Ясногорск;21.04.2023;00:00;любой
678;Казань;Ярославская обл., Рыбинск;21.04.2023;00:00;боковой
679;Казань;Ярославская обл., Рыбинск;21.04.2023;00:00;задний
680;Ярославская обл., Рыбинск;Тульская обл, г Ясногорск;21.04.2023;00:00;любой
681;Ивановская обл, пос. Лежнево;Тульская обл, г Ясногорск;21.04.2023;15:00;любой
682;г Иваново;Ярославская обл., Рыбинск;21.04.2023;00:00;любой
683;Иваново;Ярославская обл., Рыбинск;21.04.2023;00:00;задний
684;Краснодарский край, Новороссийск;Краснодарский край, Кропоткин г;21.04.2023;12:00;любой
685;Казань;Ярославская обл., Рыбинск;21.04.2023;00:00;задний
686;Краснодарский край, Новороссийск;Краснодарский край, Кропоткин г;21.04.2023;00:00;любой
687;Кохма;Ярославская обл., Рыбинск;21.04.2023;00:00;любой
688;Ивановская обл, г. Тейково;Тульская обл, г Ясногорск;21.04.2023;15:00;любой
689;г Иваново;Тульская обл, г Ясногорск;21.04.2023;15:00;любой
690;г Иваново;Тульская обл, г Ясногорск;21.04.2023;15:00;любой
691;г Иваново;Тульская обл, г Ясногорск;21.04.2023;15:00;любой
692;Кохма;Ярославская обл., Рыбинск;21.04.2023;00:00;любой
693;Кохма;Ярославская обл., Рыбинск;21.04.2023;00:00;любой
694;Тульская обл, г Ясногорск;Ивановская обл, г Фурманов;21.04.2023;23:00;любой
695;Ивановская обл., село Богородское;Тульская обл, г Ясногорск;21.04.2023;15:00;любой
696;г Иваново;Тульская обл, г Ясногорск;21.04.2023;15:00;любой
697;Калужская обл, г Малоярославец;Тульская обл, г Ясногорск;21.04.2023;15:00;любой
698;г Иваново;Тульская обл, г Ясногорск;21.04.2023;15:00;любой
699;г Иваново;Тульская обл, г Ясногорск;21.04.2023;15:00;любой
700;г Иваново;Тульская обл, г Ясногорск;21.04.2023;15:00;любой
701;Московская обл, г Серпухов;Тульская обл, г Ясногорск;21.04.2023;15:00;любой
702;г Иваново;Тульская обл, г Ясногорск;21.04.2023;15:00;любой
703;г Иваново;Тульская обл, г Ясногорск;21.04.2023;15:00;любой
704;г Иваново;Тульская обл, г Ясногорск;21.04.2023;15:00;любой
705;Казань;Ярославская обл., Рыбинск;21.04.2023;00:00;задний
706;Казань;Ярославская обл., Рыбинск;21.04.2023;00:00;боковой
707;г Иваново;Тульская обл, г Ясногорск;21.04.2023;15:00;любой
708;Иваново;Ярославская обл., Рыбинск;21.04.2023;00:00;любой
709;Ярославская обл., Рыбинск;Калужская обл, г Суворов;21.04.2023;00:00;любой
710;г Рязань;Тульская обл, г Ясногорск;21.04.2023;15:00;любой
711;Кохма;Ярославская обл., Рыбинск;21.04.2023;00:00;любой
712;Ярославская обл., Рыбинск;Чебоксары;21.04.2023;00:00;любой
713;Ярославская обл., Рыбинск;республика Татарстан, г. Зеленодольск;22.04.2023;00:00;любой
714;Ярославская обл., Рыбинск;Чебоксары;22.04.2023;00:00;любой
715;Ярославская обл., Рыбинск;Чебоксары;22.04.2023;00:00;любой
716;Ярославская обл., Рыбинск;Тульская обл, г Ясногорск;22.04.2023;00:00;любой
717;Ярославская обл., Рыбинск;Нижегородская обл, г Богородск;22.04.2023;00:00;любой
718;Ярославская обл., Рыбинск;г Чебоксары;22.04.2023;00:00;любой
719;Казань;Ярославская обл., Рыбинск;22.04.2023;00:00;задний
720;г Иваново;Ярославская обл., Рыбинск;22.04.2023;00:00;задний
721;г Иваново;Ярославская обл., Рыбинск;22.04.2023;00:00;любой
722;г Иваново;Ярославская обл., Рыбинск;22.04.2023;00:00;любой
723;г Иваново;Ярославская обл., Рыбинск;22.04.2023;00:00;задний
724;Ивановская обл, деревня Большое Ступкино;Ярославская обл., Рыбинск;22.04.2023;00:00;любой
725;Ярославская обл., Рыбинск;Краснодарский край, Новороссийск;22.04.2023;00:00;любой
726;Ярославская обл., Рыбинск;Краснодарский край, Новороссийск;22.04.2023;00:00;любой
727;г Казань;Ярославская обл., Рыбинск;22.04.2023;00:00;боковой
728;Фурманов;Ярославская обл., Рыбинск;22.04.2023;00:00;боковой
729;Иваново;Ярославская обл., Рыбинск;22.04.2023;00:00;любой
730;Казань;Ярославская обл., Рыбинск;22.04.2023;00:00;задний
731;Краснодарский край, Новороссийск;Краснодар;22.04.2023;16:00;любой
732;Краснодарский край, Новороссийск;Краснодар;22.04.2023;16:00;любой
733;Ивановская обл, Коляновское сельское поселение;Тульская обл, г Ясногорск;22.04.2023;15:00;любой
734;г Иваново;Тульская обл, г Ясногорск;22.04.2023;15:00;любой
735;Казань;Ярославская обл., Рыбинск;22.04.2023;00:00;задний
736;Ивановская обл, г Кохма;Тульская обл, г Ясногорск;22.04.2023;15:00;любой
737;Краснодарский край, Новороссийск;Пятигорск;22.04.2023;16:05;любой
738;РФ, Краснодарский край, Краснодар г;Краснодарский край, Новороссийск;21.04.2023;17:00;любой
739;РФ, Краснодарский край, Краснодар г;Краснодарский край, Новороссийск;21.04.2023;17:00;любой
740;РФ, Краснодарский край, Краснодар г;Краснодарский край, Новороссийск;22.04.2023;17:00;любой
741;Ивановская обл, г Фурманов;Тульская обл, г Ясногорск;22.04.2023;;любой
742;г Владимир;Тульская обл, г Ясногорск;22.04.2023;;любой
743;Ивановская обл, пос. Лежнево;Тульская обл, г Ясногорск;22.04.2023;15:00;любой
744;г Ярославль;Тульская обл, г Ясногорск;22.04.2023;16:00;любой
745;Ивановская обл, пос. Лежнево;Тульская обл, г Ясногорск;22.04.2023;15:00;любой
746;г Иваново;Тульская обл, г Ясногорск;22.04.2023;15:00;любой
747;г Иваново;Тульская обл, г Ясногорск;22.04.2023;16:00;любой
748;Тульская обл, г Ясногорск;г Иваново;22.04.2023;23:00;любой
749;Ивановская обл., Родники г.;Тульская обл, г Ясногорск;22.04.2023;;любой
750;г Иваново;Тульская обл, г Ясногорск;22.04.2023;;любой
751;Ярославская обл., Гаврилов-Ям;Тульская обл, г Ясногорск;22.04.2023;15:00;любой
752;г Иваново;Тульская обл, г Ясногорск;22.04.2023;16:00;любой
753;г Иваново;Тульская обл, г Ясногорск;22.04.2023;16:00;любой
754;г Иваново;Тульская обл, г Ясногорск;22.04.2023;16:00;любой
755;г Иваново;Ярославская обл., Рыбинск;22.04.2023;00:00;любой
756;Ярославская обл., Рыбинск;Республика Татарстан, Зеленодольский район, село Осиново;23.04.2023;00:00;любой
757;Ярославская обл., Рыбинск;Тульская обл, г Ясногорск;23.04.2023;00:00;любой
758;Ярославская обл., Рыбинск;Чебоксары;23.04.2023;00:00;любой
759;Ярославская обл., Рыбинск;Чебоксары;23.04.2023;00:00;любой
760;Ярославская обл., Рыбинск;Тульская обл, г Ясногорск;23.04.2023;00:00;любой
761;Ярославская обл., Рыбинск;Приволжск;23.04.2023;00:00;любой
762;Ярославская обл., Рыбинск;Тульская обл, г Ясногорск;23.04.2023;00:00;любой
763;Ярославская обл., Рыбинск;г Рязань;23.04.2023;00:00;любой
764;Ивановская обл., Шуя;Ярославская обл., Рыбинск;23.04.2023;00:00;задний
765;г Казань;Ярославская обл., Рыбинск;23.04.2023;00:00;боковой
766;Казань;Ярославская обл., Рыбинск;23.04.2023;00:00;задний
767;Казань;Ярославская обл., Рыбинск;23.04.2023;00:00;боковой
768;Казань;Ярославская обл., Рыбинск;23.04.2023;00:00;боковой
769;г Иваново;Тульская обл, г Ясногорск;23.04.2023;15:00;любой
770;Чеховский р-н, Константиновское;Тульская обл, г Ясногорск;23.04.2023;15:00;любой
771;Ивановская обл, пос. Лежнево;Тульская обл, г Ясногорск;23.04.2023;15:00;любой
772;Ивановская обл, пос. Лежнево;Тульская обл, г Ясногорск;23.04.2023;15:00;любой
773;Ивановская обл., д. Гоголево;Тульская обл, г Ясногорск;23.04.2023;16:00;любой
774;Калужская обл, г Малоярославец;Тульская обл, г Ясногорск;23.04.2023;16:00;любой
775;Тульская обл, г Ясногорск;Владимирская обл., г Радужный;23.04.2023;23:00;любой
776;Ивановская обл, посёлок Лежнево;Тульская обл, г Ясногорск;23.04.2023;14:00;любой
777;Тульская обл;Тульская обл, г Ясногорск;23.04.2023;;любой
778;Ивановская обл, пос. Лежнево;Тульская обл, г Ясногорск;23.04.2023;15:00;любой
779;Ивановская обл, пос. Лежнево;Тульская обл, г Ясногорск;23.04.2023;15:00;любой
780;Ивановская область, с. Шилыково;Тульская обл, г Ясногорск;23.04.2023;15:00;любой
781;Чебоксары;Ярославская обл., Рыбинск;23.04.2023;00:00;боковой
782;Чебоксары;Ярославская обл., Рыбинск;23.04.2023;00:00;боковой
783;Костромская обл., г Нерехта;Тульская обл, г Ясногорск;23.04.2023;;любой
784;Ивановская обл, Приволжск;Тульская обл, г Ясногорск;23.04.2023;;любой
785;Ярославская обл., Гаврилов-Ям;Тульская обл, г Ясногорск;23.04.2023;;любой
786;РФ, Краснодарский край, Краснодар г;Краснодарский край, Новороссийск;23.04.2023;17:00;любой
787;Респ Адыгея, Адыгейск;Краснодарский край, Новороссийск;23.04.2023;17:00;любой
788;Иваново;Ярославская обл., Рыбинск;23.04.2023;00:00;задний
789;Тульская обл, поселок Петровский;Тульская обл, г Ясногорск;23.04.2023;15:00;любой
790;Ивановская обл, деревня Большое Ступкино;Ярославская обл., Рыбинск;23.04.2023;00:00;любой
791;Ивановская обл., село Шилыково;Тульская обл, г Ясногорск;24.04.2023;16:00;любой
792;Ярославская обл., Рыбинск;г. Кострома;23.04.2023;00:00;любой
793;г. Рязань;Тульская обл, г Ясногорск;23.04.2023;21:00;любой
794;Краснодарский край, Новороссийск;Пятигорск;23.04.2023;20:00;любой
795;Казань г.;Ярославская обл., Рыбинск;24.04.2023;;задний
796;г Иваново;Тульская обл, г Ясногорск;24.04.2023;15:00;любой
797;г Иваново;Ярославская обл., Рыбинск;24.04.2023;00:00;любой
798;Ярославская обл., Рыбинск;Краснодарский край, Новороссийск;24.04.2023;00:00;любой
799;Ярославская обл., Рыбинск;Краснодарский край, Новороссийск;24.04.2023;00:00;любой
800;Ярославская обл., Рыбинск;Республика Татарстан, Зеленодольский район, село Осиново;24.04.2023;00:00;любой
801;Казань;Ярославская обл., Рыбинск;24.04.2023;00:00;задний
802;Чебоксары;Ярославская обл., Рыбинск;24.04.2023;00:00;боковой
803;Чебоксары;Ярославская обл., Рыбинск;24.04.2023;00:00;боковой
804;Ярославская обл., Рыбинск;Чебоксары;24.04.2023;00:00;любой
805;Ярославская обл., Рыбинск;республика Татарстан, г. Зеленодольск;24.04.2023;00:00;любой
806;Ярославская обл., Рыбинск;Тульская обл, г Ясногорск;24.04.2023;00:00;любой
807;Ярославская обл., Рыбинск;Тульская обл, г Ясногорск;24.04.2023;00:00;любой
808;Ярославская обл., Рыбинск;Ивановская обл, п. Палех;24.04.2023;00:00;любой
809;Ярославская обл., Рыбинск;Тульская обл, г Ясногорск;24.04.2023;00:00;любой
810;Казань г.;Ярославская обл., Рыбинск;24.04.2023;00:00;задний
811;Ивановская обл, деревня Большое Ступкино;Ярославская обл., Рыбинск;24.04.2023;00:00;любой
812;Казань г.;Ярославская обл., Рыбинск;24.04.2023;00:00;задний
813;г Казань;Ярославская обл., Рыбинск;24.04.2023;00:00;боковой
814;Тульская обл;Тульская обл, г Ясногорск;24.04.2023;15:00;любой
815;Ивановская обл, п. Палех;Тульская обл, г Ясногорск;23.04.2023;15:00;любой
816;Ивановская обл, село Бибирево;Тульская обл, г Ясногорск;23.04.2023;15:00;любой
817;г Иваново;Тульская обл, г Ясногорск;24.04.2023;14:00;любой
818;Ярославль;Тульская обл, г Ясногорск;24.04.2023;15:00;любой
819;Ивановская обл, село Чернореченский;Тульская обл, г Ясногорск;24.04.2023;16:00;любой
820;г Иваново;Тульская обл, г Ясногорск;24.04.2023;15:00;любой
821;г. Владимир;Тульская обл, г Ясногорск;24.04.2023;16:00;любой
822;г Владимир;Тульская обл, г Ясногорск;24.04.2023;15:00;любой
823;г Иваново;Ярославская обл., Рыбинск;24.04.2023;00:00;любой
824;Ивановская обл., село Богородское;Тульская обл, г Ясногорск;24.04.2023;15:00;любой
825;Ивановская обл, пос. Лежнево;Тульская обл, г Ясногорск;24.04.2023;14:00;любой
826;Казань г.;Ярославская обл., Рыбинск;24.04.2023;00:00;задний
827;Калужская обл, г Малоярославец;Тульская обл, г Ясногорск;24.04.2023;16:00;любой
828;г Иваново;Ярославская обл., Рыбинск;24.04.2023;00:00;задний
829;Ярославская обл., Рыбинск;г Чебоксары;24.04.2023;00:00;любой
830;Казань;Ярославская обл., Рыбинск;24.04.2023;00:00;боковой
831;Казань;Ярославская обл., Рыбинск;24.04.2023;00:00;боковой
832;Ярославль г.;Ярославская обл., Рыбинск;24.04.2023;00:00;задний
833;Ивановская обл, деревня Большое Ступкино;Ярославская обл., Рыбинск;24.04.2023;00:00;любой
834;Ивановская обл, пос. Лежнево;Тульская обл, г Ясногорск;24.04.2023;15:00;любой
835;Московская обл, Протвино;Тульская обл, г Ясногорск;24.04.2023;14:00;любой
836;Ярославль;Ярославская обл., Рыбинск;24.04.2023;00:00;любой
837;Чеховский р-н, Константиновское;Тульская обл, г Ясногорск;24.04.2023;15:00;любой
838;Чеховский р-н, Константиновское;Тульская обл, г Ясногорск;24.04.2023;15:00;любой
839;Ивановская обл., д. Гоголево;Тульская обл, г Ясногорск;24.04.2023;15:00;любой
840;Московская обл, г Серпухов;Тульская обл, г Ясногорск;24.04.2023;15:00;любой
841;Казань;Ярославская обл., Рыбинск;24.04.2023;00:00;задний
842;Казань;Ярославская обл., Рыбинск;24.04.2023;00:00;боковой
843;Ивановская обл., с. Шилыково;Тульская обл, г Ясногорск;24.04.2023;14:00;любой
844;г Иваново;Ярославская обл., Рыбинск;24.04.2023;00:00;любой
845;Ярославская обл., Рыбинск;республика Татарстан, г. Зеленодольск;24.04.2023;00:00;любой
846;Иваново;Ярославская обл., Рыбинск;24.04.2023;00:00;задний
847;Ярославская обл., Рыбинск;г Иваново;24.04.2023;00:00;любой
848;г Иваново;Тульская обл, г Ясногорск;24.04.2023;15:00;любой
849;г Иваново;Ярославская обл., Рыбинск;24.04.2023;00:00;любой
850;Иваново;Ярославская обл., Рыбинск;24.04.2023;00:00;любой
851;Волгоград;Ярославская обл., Рыбинск;24.04.2023;00:00;любой
852;Краснодарский край, Новороссийск;Краснодарский край, Кропоткин г;24.04.2023;08:00;любой
853;Краснодарский край, Новороссийск;Пятигорск;25.04.2023;00:00;любой
854;Краснодарский край, Новороссийск;Краснодарский край, Кропоткин г;25.04.2023;00:00;любой
855;Ярославская обл., Рыбинск;Калужская обл, г Суворов;25.04.2023;00:00;любой
856;Иваново;Ярославская обл., Рыбинск;25.04.2023;00:00;любой
857;г Иваново;Ярославская обл., Рыбинск;25.04.2023;00:00;любой
858;г Иваново;Ярославская обл., Рыбинск;25.04.2023;00:00;задний
859;Ярославская обл., Рыбинск;Тульская обл, г Ясногорск;25.04.2023;00:00;любой
860;Ярославская обл., Рыбинск;Тульская обл, г Ясногорск;25.04.2023;00:00;любой
861;Ярославская обл., Рыбинск;Тульская обл, г Ясногорск;25.04.2023;00:00;любой
862;Иваново;Ярославская обл., Рыбинск;25.04.2023;00:00;задний
863;Казань;Ярославская обл., Рыбинск;25.04.2023;00:00;задний
864;Тульская обл, г Ясногорск;Калужская обл, г Кондрово;27.04.2023;23:00;любой
865;Ивановская обл., село Богородское;Тульская обл, г Ясногорск;25.04.2023;15:00;любой
866;Ивановская обл., село Богородское;Ярославская обл., Рыбинск;25.04.2023;00:00;задний
867;г Иваново;Ярославская обл., Рыбинск;25.04.2023;00:00;любой
868;г Иваново;Ярославская обл., Рыбинск;25.04.2023;00:00;любой
869;Иваново;Ярославская обл., Рыбинск;25.04.2023;00:00;задний
870;Ярославская обл., Рыбинск;Тульская обл, г Ясногорск;26.04.2023;00:00;любой
871;Ярославская обл., Рыбинск;Тульская обл, г Ясногорск;26.04.2023;00:00;любой
872;Ярославская обл., Рыбинск;Тульская обл, г Ясногорск;26.04.2023;00:00;любой
873;Ярославская обл., Рыбинск;Тульская обл, г Ясногорск;26.04.2023;00:00;любой
874;Казань;Ярославская обл., Рыбинск;25.04.2023;00:00;боковой
875;г Иваново;Тульская обл, г Ясногорск;25.04.2023;15:00;любой
876;г Иваново;Тульская обл, г Ясногорск;25.04.2023;15:00;любой
877;Тульская обл, г Ясногорск;республика Татарстан, г. Зеленодольск;25.04.2023;23:00;любой
878;Краснодарский край, Новороссийск;Пятигорск;26.04.2023;14:00;любой
879;Краснодарский край, Новороссийск;Краснодарский край, Кропоткин г;25.04.2023;13:00;любой
880;Чебоксары;Ярославская обл., Рыбинск;25.04.2023;00:00;боковой
881;г Казань;Ярославская обл., Рыбинск;25.04.2023;00:00;боковой
882;Ярославская обл., Рыбинск;г. Кострома;25.04.2023;00:00;любой
883;Ярославская обл., Рыбинск;Тульская обл, г Ясногорск;26.04.2023;00:00;любой
884;Ярославская обл., Рыбинск;Тульская обл, г Ясногорск;26.04.2023;00:00;любой
885;Ярославская обл., Рыбинск;Тульская обл, г Ясногорск;26.04.2023;00:00;любой
886;Казань;Ярославская обл., Рыбинск;25.04.2023;00:00;задний
887;г Иваново;Тульская обл, г Ясногорск;25.04.2023;15:00;любой
888;г Иваново;Тульская обл, г Ясногорск;25.04.2023;16:00;любой
889;г Иваново;Тульская обл, г Ясногорск;25.04.2023;16:00;любой
890;Ивановская обл., село Богородское;Тульская обл, г Ясногорск;25.04.2023;16:00;любой
891;Ивановская обл, пос. Лежнево;Тульская обл, г Ясногорск;24.04.2023;15:00;любой
892;Ивановская обл, посёлок Лежнево;Тульская обл, г Ясногорск;25.04.2023;15:00;любой
893;Ярославская обл., Рыбинск;Республика Татарстан, Зеленодольский район, село Осиново;27.04.2023;00:00;любой
894;Ивановская обл., Палехский р-н, село Майдаково;Тульская обл, г Ясногорск;25.04.2023;;любой
895;г Иваново;Тульская обл, г Ясногорск;25.04.2023;15:00;любой
896;г Иваново;Тульская обл, г Ясногорск;25.04.2023;15:00;любой
897;г Иваново;Тульская обл, г Ясногорск;25.04.2023;15:00;любой
898;Ярославская обл., Гаврилов-Ям;Тульская обл, г Ясногорск;25.04.2023;15:00;любой
899;г Иваново;Тульская обл, г Ясногорск;25.04.2023;16:00;любой
900;г Иваново;Тульская обл, г Ясногорск;25.04.2023;16:00;любой
901;г Иваново;Тульская обл, г Ясногорск;25.04.2023;16:00;любой
902;г Иваново;Тульская обл, г Ясногорск;25.04.2023;16:00;любой
903;Ивановская обл, Приволжск;Тульская обл, г Ясногорск;25.04.2023;16:00;любой
904;Ярославская обл., Рыбинск;Краснодарский край, Новороссийск;27.04.2023;00:00;любой
905;Ярославская обл., Рыбинск;Тульская обл, г Ясногорск;27.04.2023;00:00;любой
906;Ярославская обл., Рыбинск;Тульская обл, г Ясногорск;27.04.2023;00:00;любой
907;Ярославская обл., Рыбинск;Тульская обл, г Ясногорск;27.04.2023;00:00;любой
908;Ярославская обл., Рыбинск;Тульская обл, г Ясногорск;27.04.2023;00:00;любой
909;Ярославская обл., Рыбинск;Тульская обл, г Ясногорск;27.04.2023;00:00;любой
910;Ярославская обл., Рыбинск;Нижегородская обл, г Богородск;27.04.2023;00:00;любой
911;Ярославская обл., Рыбинск;Владимирская обл., г Радужный;27.04.2023;00:00;любой
912;Ярославская обл., Рыбинск;Чебоксары;27.04.2023;00:00;любой
913;Ярославская обл., Рыбинск;Чебоксары;27.04.2023;00:00;любой
914;Ярославская обл., Рыбинск;Республика Татарстан, Зеленодольский район, село Осиново;27.04.2023;00:00;любой
915;Ярославская обл., Рыбинск;Чебоксары;27.04.2023;00:00;любой
916;Ярославская обл., Рыбинск;Тульская обл, г Ясногорск;26.04.2023;00:00;любой
917;Ярославская обл., Рыбинск;Краснодарский край, Новороссийск;27.04.2023;00:00;любой
918;Ярославская обл., Рыбинск;Тульская обл, г Ясногорск;26.04.2023;00:00;любой
919;Ярославская обл., Рыбинск;республика Татарстан, г. Зеленодольск;27.04.2023;00:00;любой
920;Краснодарский край, Новороссийск;Пятигорск;27.04.2023;12:00;любой
921;г Иваново;Ярославская обл., Рыбинск;26.04.2023;00:00;задний
922;Краснодарский край, Новороссийск;Краснодарский край, Кропоткин г;27.04.2023;14:00;любой
923;Краснодарский край, Новороссийск;Краснодарский край, Кропоткин г;27.04.2023;17:00;любой
924;Ярославская обл., Рыбинск;Республика Татарстан, Зеленодольский район, село Осиново;28.04.2023;00:00;любой
925;Ярославская обл., Рыбинск;Республика Татарстан, Зеленодольский район, село Осиново;28.04.2023;00:00;любой
926;Ярославская обл., Рыбинск;Тульская обл, г Ясногорск;28.04.2023;00:00;любой
927;Ярославская обл., Рыбинск;Тульская обл, г Ясногорск;28.04.2023;00:00;любой
928;Ярославская обл., Рыбинск;Тульская обл, г Ясногорск;28.04.2023;00:00;любой
929;Тульская обл, г Суворов;Тульская обл, г Ясногорск;28.04.2023;15:00;любой
930;Тульская обл, г Ясногорск;Калужская обл, г Кондрово;28.04.2023;23:00;любой
931;Ивановская обл.,Тейковский район, д Большое Ступкино;Тульская обл, г Ясногорск;28.04.2023;15:00;любой
932;г Иваново;Ярославская обл., Рыбинск;28.04.2023;00:00;любой
933;Ярославская обл., Гаврилов-Ям;Ярославская обл., Рыбинск;28.04.2023;00:00;любой
934;Казань;Ярославская обл., Рыбинск;28.04.2023;00:00;задний
935;Ярославская обл., Рыбинск;Владимирская обл., г Радужный;28.04.2023;00:00;любой
936;Иваново;Ярославская обл., Рыбинск;28.04.2023;00:00;задний
937;г Иваново;Ярославская обл., Рыбинск;28.04.2023;00:00;любой
938;Ивановская обл., село Богородское;Ярославская обл., Рыбинск;28.04.2023;00:00;задний
939;Казань;Ярославская обл., Рыбинск;28.04.2023;00:00;боковой
940;Казань;Ярославская обл., Рыбинск;28.04.2023;00:00;задний
941;Казань;Ярославская обл., Рыбинск;28.04.2023;00:00;боковой
942;Ярославская обл., Рыбинск;г Иваново;28.04.2023;00:00;любой
943;Казань;Ярославская обл., Рыбинск;28.04.2023;00:00;задний
944;г Казань;Ярославская обл., Рыбинск;28.04.2023;00:00;боковой
945;Казань г.;Ярославская обл., Рыбинск;28.04.2023;00:00;задний
946;Ярославская обл., Рыбинск;Чебоксары;28.04.2023;00:00;любой
947;Ярославская обл., Рыбинск;Ивановская обл, п. Палех;28.04.2023;00:00;любой
948;Иваново;Ярославская обл., Рыбинск;28.04.2023;00:00;любой
949;Иваново;Ярославская обл., Рыбинск;28.04.2023;00:00;любой
950;г Иваново;Тульская обл, г Ясногорск;28.04.2023;15:00;любой
951;Московская обл, г Серпухов;Тульская обл, г Ясногорск;28.04.2023;15:00;любой
952;Ивановская обл, пос. Лежнево;Тульская обл, г Ясногорск;28.04.2023;15:00;любой
953;Краснодарский край, Новороссийск;Пятигорск;29.04.2023;00:00;любой
954;г Иваново;Тульская обл, г Ясногорск;28.04.2023;16:00;любой
955;Московская обл, г Серпухов;Тульская обл, г Ясногорск;28.04.2023;16:00;любой
956;г Иваново;Тульская обл, г Ясногорск;28.04.2023;15:00;любой
957;г Иваново;Тульская обл, г Ясногорск;28.04.2023;15:00;любой
958;г Иваново;Тульская обл, г Ясногорск;28.04.2023;16:00;любой
959;г Иваново;Тульская обл, г Ясногорск;28.04.2023;16:00;любой
960;г Иваново;Тульская обл, г Ясногорск;28.04.2023;16:00;любой
961;Ивановская обл, посёлок Палех;Тульская обл, г Ясногорск;28.04.2023;16:00;любой
962;Ивановская обл., д. Лесное;Тульская обл, г Ясногорск;28.04.2023;16:00;любой
963;Ивановская обл, Приволжск;Тульская обл, г Ясногорск;28.04.2023;16:00;любой
964;Ярославская обл., Рыбинск;Чебоксары;28.04.2023;00:00;любой
965;Ярославская обл., Рыбинск;г Иваново;28.04.2023;00:00;любой
966;г Иваново;Ярославская обл., Рыбинск;28.04.2023;00:00;задний
967;Ярославская обл., Рыбинск;Чебоксары;28.04.2023;00:00;любой
968;Ярославская обл., Рыбинск;Чебоксары;28.04.2023;00:00;любой
969;Респ Адыгея, Адыгейск;Краснодарский край, Новороссийск;28.04.2023;17:00;любой
970;РФ, Краснодарский край, Краснодар г;Краснодарский край, Новороссийск;28.04.2023;17:00;любой
971;РФ, Краснодарский край, Краснодар г;Краснодарский край, Новороссийск;28.04.2023;17:00;любой
972;г Иваново;Тульская обл, г Ясногорск;28.04.2023;15:00;любой
973;РФ, Краснодарский край, Краснодар г;Краснодарский край, Новороссийск;28.04.2023;17:00;любой
974;Ярославская обл., Рыбинск;Республика Татарстан, Зеленодольский район, село Осиново;29.04.2023;00:00;любой
975;Ярославская обл., Рыбинск;Тульская обл, г Ясногорск;29.04.2023;00:00;любой
976;Ярославская обл., Рыбинск;Тульская обл, г Ясногорск;29.04.2023;00:00;любой
977;Калужская обл, г Малоярославец;Тульская обл, г Ясногорск;29.04.2023;15:00;любой
978;Тульская обл, г Ясногорск;г Ярославль;29.04.2023;22:00;любой
979;Ярославская обл., Рыбинск;г Иваново;29.04.2023;00:00;любой
980;Ярославская обл., Рыбинск;г Иваново;29.04.2023;00:00;любой
981;Тульская обл, г Богородицк;Тульская обл, г Ясногорск;29.04.2023;15:00;любой
982;Калужская область, г. Обнинск;Тульская обл, г Ясногорск;29.04.2023;14:00;любой
983;Иваново;Ярославская обл., Рыбинск;29.04.2023;00:00;задний
984;Волгоград;Ярославская обл., Рыбинск;29.04.2023;00:00;любой
985;Фурманов;Ярославская обл., Рыбинск;29.04.2023;00:00;боковой
986;Иваново;Ярославская обл., Рыбинск;29.04.2023;00:00;любой
987;Ярославская обл., Рыбинск;Чебоксары;29.04.2023;00:00;любой
988;Ярославская обл., г Ростов;Тульская обл, г Ясногорск;29.04.2023;15:00;любой
989;г Иваново;Тульская обл, г Ясногорск;29.04.2023;15:00;любой
990;Ивановская обл., г Шуя;Тульская обл, г Ясногорск;29.04.2023;15:00;любой
991;Ивановская обл, г Фурманов;Тульская обл, г Ясногорск;29.04.2023;15:00;любой
992;Тульская обл, г Ясногорск;г Ярославль;29.04.2023;23:00;любой
993;г Иваново;Тульская обл, г Ясногорск;29.04.2023;15:00;любой
994;г Иваново;Ярославская обл., Рыбинск;29.04.2023;00:00;любой
995;Иваново;Ярославская обл., Рыбинск;29.04.2023;00:00;задний
996;Краснодарский край, Новороссийск;Краснодарский край, Кропоткин г;29.04.2023;14:00;любой
997;Ярославская обл., Рыбинск;г Чебоксары;29.04.2023;00:00;любой
998;Ярославская обл., Рыбинск;Владимирская обл, г Ковров;29.04.2023;00:00;любой
999;Казань;Ярославская обл., Рыбинск;29.04.2023;00:00;задний
1000;Ивановская обл, пос. Лежнево;Тульская обл, г Ясногорск;29.04.2023;15:00;любой
1001;Ивановская обл, пос. Лежнево;Тульская обл, г Ясногорск;29.04.2023;15:00;любой
1002;г Иваново;Тульская обл, г Ясногорск;29.04.2023;16:00;любой
1003;Ивановская область, г. Шуя;Тульская обл, г Ясногорск;29.04.2023;15:00;любой
1004;г Иваново;Ярославская обл., Рыбинск;29.04.2023;00:00;задний
1005;г Иваново;Тульская обл, г Ясногорск;29.04.2023;15:00;любой
1006;Ивановская обл., село Богородское;Тульская обл, г Ясногорск;29.04.2023;15:00;любой
1007;г Иваново;Тульская обл, г Ясногорск;29.04.2023;16:00;любой
1008;Тульская обл, г Ясногорск;г Ярославль;29.04.2023;23:00;любой
1009;Ивановская область, г. Кохма;Тульская обл, г Ясногорск;29.04.2023;15:00;любой
1010;Ивановская обл., село Богородское;Ярославская обл., Рыбинск;29.04.2023;00:00;задний
1011;г Иваново;Ярославская обл., Рыбинск;29.04.2023;00:00;задний
1012;Чеховский р-н, Константиновское;Тульская обл, г Ясногорск;29.04.2023;23:00;любой
1013;г Казань;Ярославская обл., Рыбинск;29.04.2023;00:00;боковой
1014;Краснодарский край, Новороссийск;Краснодарский край, Кропоткин г;29.04.2023;18:00;любой
1015;г Иваново;Ярославская обл., Рыбинск;29.04.2023;00:00;задний
1016;Ярославская обл., Рыбинск;Тульская обл, г Ясногорск;29.04.2023;00:00;любой
1017;Ярославская обл., Рыбинск;Чебоксары;30.04.2023;00:00;любой
1018;Ярославская обл., Рыбинск;Чебоксары;30.04.2023;00:00;любой
1019;Ярославская обл., Рыбинск;Владимирская обл, г Ковров;30.04.2023;00:00;любой
1020;Ярославская обл., Рыбинск;Чебоксары;30.04.2023;00:00;любой
1021;Ярославская обл., Рыбинск;республика Татарстан, г. Зеленодольск;30.04.2023;00:00;любой
1022;Ярославская обл., Рыбинск;республика Татарстан, г. Зеленодольск;30.04.2023;00:00;любой
1023;Ярославская обл., Рыбинск;республика Татарстан, г. Зеленодольск;30.04.2023;00:00;любой
1024;Тульская обл, г Ясногорск;Ярославская обл, г Ярославль;30.04.2023;20:00;любой
1025;г Иваново;Тульская обл, г Ясногорск;30.04.2023;16:00;любой
1026;г. Ярославль;Тульская обл, г Ясногорск;30.04.2023;15:00;любой
1027;Тульская обл, г Ясногорск;г Ярославль;30.04.2023;22:00;любой
1028;Ярославская обл., Рыбинск;г Иваново;30.04.2023;00:00;любой
1029;г Иваново;Тульская обл, г Ясногорск;30.04.2023;;любой
1030;Ивановская обл., с. Шилыково;Тульская обл, г Ясногорск;30.04.2023;15:00;любой
1031;г Иваново;Ярославская обл., Рыбинск;30.04.2023;00:00;задний
1032;Ивановская обл., село Богородское;Тульская обл, г Ясногорск;30.04.2023;15:00;любой
1033;Ивановская обл, пос. Лежнево;Тульская обл, г Ясногорск;30.04.2023;;любой
1034;Московская обл, г Чехов;Тульская обл, г Ясногорск;30.04.2023;;любой
1035;Чеховский р-н, Константиновское;Тульская обл, г Ясногорск;30.04.2023;;любой
1036;Ярославская обл., Гаврилов-Ям;Тульская обл, г Ясногорск;30.04.2023;;любой
1037;Ярославская обл., г. Ростов;Тульская обл, г Ясногорск;30.04.2023;;любой
1038;г Калуга;Тульская обл, г Ясногорск;30.04.2023;;любой
1039;Тульская обл, г Ясногорск;г Ярославль;30.04.2023;22:00;любой
1040;г Иваново;Тульская обл, г Ясногорск;30.04.2023;15:00;любой
1041;Тульская обл, г Ясногорск;г Ярославль;30.04.2023;23:00;любой
1042;Чеховский р-н, Константиновское;Тульская обл, г Ясногорск;30.04.2023;;любой
1043;Ивановская обл., село Богородское;Тульская обл, г Ясногорск;30.04.2023;15:00;любой
1044;Ивановская обл., село Богородское;Тульская обл, г Ясногорск;30.04.2023;15:00;любой
1045;Ивановская обл, пос. Лежнево;Тульская обл, г Ясногорск;30.04.2023;;любой
1046;г Иваново;Тульская обл, г Ясногорск;30.04.2023;15:00;любой
1047;г Иваново;Тульская обл, г Ясногорск;30.04.2023;15:00;любой
1048;Казань;Ярославская обл., Рыбинск;30.04.2023;00:00;задний
1049;Казань;Ярославская обл., Рыбинск;30.04.2023;00:00;задний
1050;Казань;Ярославская обл., Рыбинск;30.04.2023;00:00;задний
1051;Казань г.;Ярославская обл., Рыбинск;30.04.2023;00:00;задний
1052;Казань;Ярославская обл., Рыбинск;30.04.2023;00:00;задний
1053;Иваново;Ярославская обл., Рыбинск;30.04.2023;00:00;любой
1054;Иваново;Ярославская обл., Рыбинск;30.04.2023;00:00;задний
1055;г Иваново;Ярославская обл., Рыбинск;30.04.2023;00:00;любой
1056;г Иваново;Ярославская обл., Рыбинск;30.04.2023;00:00;любой
1057;Ярославская обл., Рыбинск;г Иваново;30.04.2023;00:00;любой
1058;Ярославская обл., Рыбинск;г Иваново;30.04.2023;00:00;любой
1059;г Иваново;Ярославская обл., Рыбинск;30.04.2023;00:00;задний
1060;г Иваново;Ярославская обл., Рыбинск;30.04.2023;00:00;задний
1061;Ярославская обл., Рыбинск;Приволжск;30.04.2023;00:00;любой
